Workbook

Sheet Form Responses 1
A1: Timestamp | B1: NAMA PEGAWAI | C1: Tahun | D1: Bulan | E1: Upload File Lapkin | F1: [Document Studio] Organize Status #lvxiskze | G1: Response Edit URL | H1: Response ID
A2: 44652.594 | B2: M Abdul Muhshi | C2: 2022 | D2: March | E2: https://drive.google.com/open?id=1OQ6zqAevW7iM2tKB7yvfIlycA08N1gJ0
A3: 44652.641 | B3: Wiwi Wilujeng Kusumawati SE, M.M. | C3: 2022 | D3: March | E3: https://drive.google.com/open?id=1KbMugAf8b_5iAreU1_MAHAY8QWrAH_g_
A4: 44652.672 | B4: Muna S.Si | C4: 2022 | D4: March | E4: https://drive.google.com/open?id=1EkHOa1Xj4wlMev1Ufk7kRFV1yVBazWg8
A5: 44652.677 | B5: Wiwi Wilujeng Kusumawati SE, M.M. | C5: 2022 | D5: March | E5: https://drive.google.com/open?id=1tznX9JIDY43h8NtKFQKEoz60b1c3zVfw
A6: 44655.421 | B6: Siswo Pranyoto | C6: 2022 | D6: March | E6: https://drive.google.com/open?id=1YcLGt-9vwBwCySchq3yX9DXaPjbeV9c-
A7: 44655.477 | B7: Sukilan | C7: 2022 | D7: March | E7: https://drive.google.com/open?id=1wcYRlM-gC9A2Aa6sHCf1D2gVy0WEquzv
A8: 44655.487 | B8: Isgiantono | C8: 2022 | D8: March | E8: https://drive.google.com/open?id=14QjYM5H_0bIZbScESIpU5zPr9X0_AZrp
A9: 44655.49 | B9: Nunung Susanti A.Md | C9: 2022 | D9: March | E9: https://drive.google.com/open?id=1pPdBcUCPaB79o88XYLXCAQAlfl6iiuEv
A10: 44655.518 | B10: Nur Kurniawati SST | C10: 2022 | D10: March | E10: https://drive.google.com/open?id=1AxyV8dgxNX-H4xnxvdT-f_T9BwfyLFIA
A11: 44655.522 | B11: Wiwi Wilujeng Kusumawati SE, M.M. | C11: 2022 | D11: March | E11: https://drive.google.com/open?id=133veeSBIu5D7FwGGy8CdlUYT60dT0IHB
A12: 44655.541 | B12: Ani Murwani | C12: 2022 | D12: March | E12: https://drive.google.com/open?id=1tw-hJrhMmLnswaHUc2He54KjzMLN-CaF
A13: 44655.543 | B13: Siswo | C13: 2022 | D13: March | E13: https://drive.google.com/open?id=1-KMlh6K2KXaHN_a4Z23d0AZ8iUhdLDbb
... A593: 45289.411 | B593: Siswo | C593: 2023 | D593: December | E593: https://drive.google.com/open?id=1BS5p8-lHfQOM__rl1IcLf428e4Aepziv
A594: 45293.363 | B594: Ir. Budi Arif Nugroho M.Si. | C594: 2023 | D594: December | E594: https://drive.google.com/open?id=1wg_5l9pJvW07_nZEZYwqRhrG9dePxTw4 | F594: =HYPERLINK("https://drive.google.com/open?id=1V4TGvz085_QBAvEUyDaeNyMolr93zOZK","1 files moved") -> 1 files moved
A595: 45293.439 | B595: Lydia Mirna Wening Handayani | C595: 2023 | D595: December | E595: https://drive.google.com/open?id=1E30S3PlKpaswkTquqedcN2hvR_1_ijOZ | F595: =HYPERLINK("https://drive.google.com/open?id=1sNh5fA93l5peYz5IJKZGEClKmxdv9dcX","1 files moved") -> 1 files moved
A596: 45420.399 | B596: Paramitha Hanifia SST | C596: 2024 | D596: April | E596: https://drive.google.com/open?id=1IYZYedXDVcllI29a__-oCg0YiaOV2zWs | F596: =HYPERLINK("https://drive.google.com/open?id=1YZIPSo9PodNGWCjC1zK15cW1JEByXJ7w","1 files moved") -> 1 files moved
A597: 45420.407 | B597: Nunung Susanti A.Md | C597: 2024 | D597: April | E597: https://drive.google.com/open?id=1zUAKbjeJU9QE8XY10pC4S9bXjgjHqXsM | F597: =HYPERLINK("https://drive.google.com/open?id=1WAbmR1kP-K3GSrnpnC5igzsk9XdBZPD_","1 files moved") -> 1 files moved
A598: 45420.409 | B598: Muna S.Si | C598: 2024 | D598: April | E598: https://drive.google.com/open?id=1wEVcd_9QNiFC7Tz6H8VZzVELbej6v9RC | F598: =HYPERLINK("https://drive.google.com/open?id=1Zryv8yNLErRzmBqkGZTRY6f8oQgaib5M","1 files moved") -> 1 files moved
A599: 45420.409 | B599: Aris Sutikno SE | C599: 2024 | D599: April | E599: https://drive.google.com/open?id=1RZrj7J_90wALRlpOAsVxGSL3rbwjjIop | F599: =HYPERLINK("https://drive.google.com/open?id=1mgwi5IYuDSmdes063EGgEET4VIkt5Ge6","1 files moved") -> 1 files moved
A600: 45420.413 | B600: M. Masykuri Zaen SST | C600: 2024 | D600: April | E600: https://drive.google.com/open?id=11TRTkZh1ZKHu0zwgRf2lLFcdMV0AvAEQ | F600: =HYPERLINK("https://drive.google.com/open?id=1qa1mLZHOuZIAKZUnYIblWo1lTS9NuBTm","1 files moved") -> 1 files moved
A601: 45420.43 | B601: Ani Murwani | C601: 2024 | D601: April | E601: https://drive.google.com/open?id=1NtfWe0nejgTrXmK4ShmBRCKyBT39OSsx | F601: =HYPERLINK("https://drive.google.com/open?id=1bGJWCN7-bZQSl3cMCCd4KJRrHz1r1jve","1 files moved") -> 1 files moved
A602: 45420.43 | B602: Aji Wahyu Ramadhani SST, M.Si | C602: 2024 | D602: April | E602: https://drive.google.com/open?id=1sOXBgQWMfEtPRvgYP2oxaw34LEMEkqrN | F602: =HYPERLINK("https://drive.google.com/open?id=1pM9D8l1ep_C4D6kUFxAGlSX58S2gNWw7","1 files moved") -> 1 files moved
A603: 45420.434 | B603: Ir. Budi Arif Nugroho M.Si. | C603: 2024 | D603: April | E603: https://drive.google.com/open?id=1EEbBOm1H6pv0BIyvJeVWJYq2dmkru_Qb | F603: =HYPERLINK("https://drive.google.com/open?id=1V4TGvz085_QBAvEUyDaeNyMolr93zOZK","1 files moved") -> 1 files moved
A604: 45420.45 | B604: Supriharto | C604: 2024 | D604: April | E604: https://drive.google.com/open?id=1pKHguqDoyMZ1hAW0fb3JxOABwHBjcBpB | F604: =HYPERLINK("https://drive.google.com/open?id=1vt-BVSJOLHBIrsp9094dDz7aTxUYbXOd","1 files moved") -> 1 files moved
A605: 45420.453 | B605: Imam Sugiarto | C605: 2024 | D605: April | E605: https://drive.google.com/open?id=1s-XBTWQGglynePfK4o51eeHTmiX5sGAO | F605: =HYPERLINK("https://drive.google.com/open?id=1BZohlpYH-tCf-m6ifXipKqyT42Gbzhkv","1 files moved") -> 1 files moved
A606: 45420.453 | B606: Supriharto | C606: 2024 | D606: April | E606: https://drive.google.com/open?id=1OEpC0TK672lFPcruM8IFWFBqbwNPyRGt | F606: =HYPERLINK("https://drive.google.com/open?id=1vt-BVSJOLHBIrsp9094dDz7aTxUYbXOd","1 files moved") -> 1 files moved
A607: 45420.481 | B607: Khusnul Khotimah A.Md | C607: 2024 | D607: April | E607: https://drive.google.com/open?id=1u0gtShmzq-BMPCJJQsV5Ka4htLLaWMoD | F607: =HYPERLINK("https://drive.google.com/open?id=1p9rKdY4QkNWIsmYys86EoZpuyIpPfpst","1 files moved") -> 1 files moved
A608: 45420.572 | B608: Herwastuti Dwi Oktaviani A.Md. | C608: 2024 | D608: April | E608: https://drive.google.com/open?id=11p_AQ5udy6GNgGyExtXwVR7fihFE2skx | F608: =HYPERLINK("https://drive.google.com/open?id=1WOu53emjYl9MgCM11eFHkgxwdHlBm2Xz","1 files moved") -> 1 files moved
A609: 45420.572 | B609: Musyafa'ah A.Md | C609: 2024 | D609: April | E609: https://drive.google.com/open?id=1xBasqMQA0isJMJ_zhDcOwX_WvOL2ibKG | F609: =HYPERLINK("https://drive.google.com/open?id=1tJPwF2su0hso4TETThLNHI9_S0dJdbLl","1 files moved") -> 1 files moved
A610: 45420.576 | B610: Ahmad Syahdi Hamid | C610: 2024 | D610: April | E610: https://drive.google.com/open?id=1dMe_96oco43aerKrHOZJ-7r1tpRa4hur | F610: =HYPERLINK("https://drive.google.com/open?id=1V9JxAml7o3RDV4BK_aYYG2UrIwxiEXjP","1 files moved") -> 1 files moved
A611: 45420.655 | B611: M Abdul Muhshi | C611: 2024 | D611: April | E611: https://drive.google.com/open?id=1nq50HJt16m2EJ0EIbSrlK8RleJKOCwNW | F611: =HYPERLINK("https://drive.google.com/open?id=1RzBx4e3LIUFyXvV8TKxHGhvZPq7MCFk3","1 files moved") -> 1 files moved | G611: https://docs.google.com/forms/d/e/1FAIpQLSeEYwFnViiqk1AbexVe1VDR73UApmeuvfn6Yr2vN8WXjwGu2Q/viewform?edit2=2_ABaOnueSKd-kzOcFA6R4jUnbfDtpCDe86JsxVK3n4FF8zt4KKnL8FRk_PJ8WUeZqa8aDIFc&source=documentstudio&timestamp=1715157834093 | H611: 2_ABaOnueSKd-kzOcFA6R4jUnbfDtpCDe86JsxVK3n4FF8zt4KKnL8FRk_PJ8WUeZqa8aDIFc
A612: 45425.382 | B612: Edy Budi Utomo SE. | C612: 2024 | D612: April | E612: https://drive.google.com/open?id=1-4Xx1YcTjfP0lcyW843pXvnkw-6zGlv0 | F612: =HYPERLINK("https://drive.google.com/open?id=1CSWuwAcjfOUkpFz17anJSHXpLD9oH9ta","1 files moved") -> 1 files moved | G612: https://docs.google.com/forms/d/e/1FAIpQLSeEYwFnViiqk1AbexVe1VDR73UApmeuvfn6Yr2vN8WXjwGu2Q/viewform?edit2=2_ABaOnuckTyf2Hnfuh02o49q_VmQBnHx0EbJumv1fjsKum_kywTqkc4tmnvTQ7wHYhp4RhBc&source=documentstudio&timestamp=1715566209355 | H612: 2_ABaOnuckTyf2Hnfuh02o49q_VmQBnHx0EbJumv1fjsKum_kywTqkc4tmnvTQ7wHYhp4RhBc
A613: 45425.388 | B613: M Abdul Aziz | C613: 2024 | D613: April | E613: https://drive.google.com/open?id=1EWPYiFbe6eGT9Q28R2Huma67a2gfJ1eQ | F613: =HYPERLINK("https://drive.google.com/open?id=1YKXc634Hd6ivOmY-kuk_dNKkhypgkHlR","1 files moved") -> 1 files moved | G613: https://docs.google.com/forms/d/e/1FAIpQLSeEYwFnViiqk1AbexVe1VDR73UApmeuvfn6Yr2vN8WXjwGu2Q/viewform?edit2=2_ABaOnufvDvMB4fEqodsNL2i5_8gXfcEhhtoEfH0C6YPnu8GvEtGgxWfK4u5sVCD5pxHWC3s&source=documentstudio&timestamp=1715566745763 | H613: 2_ABaOnufvDvMB4fEqodsNL2i5_8gXfcEhhtoEfH0C6YPnu8GvEtGgxWfK4u5sVCD5pxHWC3s
A614: 45426.38 | B614: Moh.Saiful Hidayah Brotowiyono | C614: 2024 | D614: April | E614: https://drive.google.com/open?id=1otLQm73PTiDOB7G6eFJqgt6MlVug4Bz2 | F614: =HYPERLINK("https://drive.google.com/open?id=11skWmlW9bg1I5Y0qbtAwiD9dgHdxhUYl","1 files moved") -> 1 files moved | G614: https://docs.google.com/forms/d/e/1FAIpQLSeEYwFnViiqk1AbexVe1VDR73UApmeuvfn6Yr2vN8WXjwGu2Q/viewform?edit2=2_ABaOnufFuUljUfVMlDA9uICkOb6JqE5YnPiYWbkLxOcYIe_ysYIZGwP034XD6_0POHhPzD4&source=documentstudio&timestamp=1715652473302 | H614: 2_ABaOnufFuUljUfVMlDA9uICkOb6JqE5YnPiYWbkLxOcYIe_ysYIZGwP034XD6_0POHhPzD4
A615: 45426.446 | B615: Sucipto | C615: 2024 | D615: April | E615: https://drive.google.com/open?id=1tKoj864zW7mCk6iO3DUB8IOh0DloeaPI | F615: =HYPERLINK("https://drive.google.com/open?id=17WOaAXl5jFgeySypAmjW1SMD0z4Hcu1k","1 files moved") -> 1 files moved | G615: https://docs.google.com/forms/d/e/1FAIpQLSeEYwFnViiqk1AbexVe1VDR73UApmeuvfn6Yr2vN8WXjwGu2Q/viewform?edit2=2_ABaOnueH7iAnkym5HUZ6n6x7Bp3k4F8QaXVXIT-NL57IyiRnQpVk4A0tiDdKhT7QRg_SuCg&source=documentstudio&timestamp=1715658171887 | H615: 2_ABaOnueH7iAnkym5HUZ6n6x7Bp3k4F8QaXVXIT-NL57IyiRnQpVk4A0tiDdKhT7QRg_SuCg
A616: 45426.448 | B616: Siswo Pranyoto | C616: 2024 | D616: April | E616: https://drive.google.com/open?id=1r3utf0PLI_FB1WWEkTFIqznYS3LogvnU | F616: =HYPERLINK("https://drive.google.com/open?id=1YNQBM17-ejVScp5nWkNR2hYKrlehzOCe","1 files moved") -> 1 files moved | G616: https://docs.google.com/forms/d/e/1FAIpQLSeEYwFnViiqk1AbexVe1VDR73UApmeuvfn6Yr2vN8WXjwGu2Q/viewform?edit2=2_ABaOnuftjKx08Rq4RRZoegl3Xe4awRLHuXoDbM78AiV47aAQu7Mhor022fmgGX4NhDNNS7w&source=documentstudio&timestamp=1715658279463 | H616: 2_ABaOnuftjKx08Rq4RRZoegl3Xe4awRLHuXoDbM78AiV47aAQu7Mhor022fmgGX4NhDNNS7w
A617: 45427.594 | B617: Dyah Makutaning Dewi | C617: 2024 | D617: April | E617: https://drive.google.com/open?id=1ZS6X8dWDXQPyxfyNoCkUrNTYVBzWKSG3 | F617: =HYPERLINK("https://drive.google.com/open?id=1raKDx-uNeIvhNP7U_Rt7B4uGTAH17pUT","1 files moved") -> 1 files moved | G617: https://docs.google.com/forms/d/e/1FAIpQLSeEYwFnViiqk1AbexVe1VDR73UApmeuvfn6Yr2vN8WXjwGu2Q/viewform?edit2=2_ABaOnueWqhaPJPCgq_dJBg_V0VTwiz4axeJwVRJ0oQ3KqRG-9eokY6wQRdfh1Xe97i2bRLE&source=documentstudio&timestamp=1715757323319 | H617: 2_ABaOnueWqhaPJPCgq_dJBg_V0VTwiz4axeJwVRJ0oQ3KqRG-9eokY6wQRdfh1Xe97i2bRLE
A618: 45427.624 | B618: Nur Kurniawati SST | C618: 2024 | D618: April | E618: https://drive.google.com/open?id=1aJwhmF55_qDOJRz8cOccZp40wSiAwVi6 | F618: =HYPERLINK("https://drive.google.com/open?id=1lAkCTSJDqjfWsuZxvLL2COI53gbRENb_","1 files moved") -> 1 files moved | G618: https://docs.google.com/forms/d/e/1FAIpQLSeEYwFnViiqk1AbexVe1VDR73UApmeuvfn6Yr2vN8WXjwGu2Q/viewform?edit2=2_ABaOnudOsCpur2_UHH1bhflK-CH8C4irFSat0rG-TpK2y-ERCAj_0ot2hLLhWPGlnqdmvE8&source=documentstudio&timestamp=1715759946673 | H618: 2_ABaOnudOsCpur2_UHH1bhflK-CH8C4irFSat0rG-TpK2y-ERCAj_0ot2hLLhWPGlnqdmvE8
A619: 45429.303 | B619: Abdul Khalim | C619: 2024 | D619: April | E619: https://drive.google.com/open?id=1wUWs9AMZLUEcWapr_iL8EiMmWzi97tUg | F619: =HYPERLINK("https://drive.google.com/open?id=1OV29wdO4ju235Dn_RfWfQvZfv8o_gJRA","1 files moved") -> 1 files moved | G619: https://docs.google.com/forms/d/e/1FAIpQLSeEYwFnViiqk1AbexVe1VDR73UApmeuvfn6Yr2vN8WXjwGu2Q/viewform?edit2=2_ABaOnudLs7rXiLFVtSHnuWvHhF9zXZbDcSsGju8Cpg1DoXGfrMx3QpGm1OU8vrM1fnxJrVE&source=documentstudio&timestamp=1715904985006 | H619: 2_ABaOnudLs7rXiLFVtSHnuWvHhF9zXZbDcSsGju8Cpg1DoXGfrMx3QpGm1OU8vrM1fnxJrVE
A620: 45429.7 | B620: Rifki Sunu W | C620: 2024 | D620: April | E620: https://drive.google.com/open?id=11Em-dvV7komY159oh8k2lz35S2MnFpBr | F620: =HYPERLINK("https://drive.google.com/open?id=1zihvmzb__nyKiReWO6jFdOUQyMof2Z5F","1 files moved") -> 1 files moved | G620: https://docs.google.com/forms/d/e/1FAIpQLSeEYwFnViiqk1AbexVe1VDR73UApmeuvfn6Yr2vN8WXjwGu2Q/viewform?edit2=2_ABaOnufUJrCgT0ZCz9wim8eoYUmpJE0qyC2xzg16-DoActXMzlSEisn3YaWiCe0HYzJb1UM&source=documentstudio&timestamp=1715939265450 | H620: 2_ABaOnufUJrCgT0ZCz9wim8eoYUmpJE0qyC2xzg16-DoActXMzlSEisn3YaWiCe0HYzJb1UM
A621: 45440.413 | B621: Yudia Hasibuan | C621: 2024 | D621: April | E621: https://drive.google.com/open?id=1MgjstW-3bytHUTbv5Wbuij2BNcnvAyfd | F621: =HYPERLINK("https://drive.google.com/open?id=1KIx1m7meHb5nobC5pXq7RhJanL49Yo2o","1 files moved") -> 1 files moved | G621: https://docs.google.com/forms/d/e/1FAIpQLSeEYwFnViiqk1AbexVe1VDR73UApmeuvfn6Yr2vN8WXjwGu2Q/viewform?edit2=2_ABaOnueTfygorPpI6twd8LiXwI-7Y1AxKWIVBjqduoHxltpdrYTCD19wo12Kotc_fljbBEA&source=documentstudio&timestamp=1716864920237 | H621: 2_ABaOnueTfygorPpI6twd8LiXwI-7Y1AxKWIVBjqduoHxltpdrYTCD19wo12Kotc_fljbBEA
A622: 45446.417 | B622: Muna S.Si | C622: 2024 | D622: March | E622: https://drive.google.com/open?id=1FxtW-GVEJJWluKuvSSYjMxxY46cb36Tm | F622: =HYPERLINK("https://drive.google.com/open?id=1Zryv8yNLErRzmBqkGZTRY6f8oQgaib5M","1 files moved") -> 1 files moved | G622: https://docs.google.com/forms/d/e/1FAIpQLSeEYwFnViiqk1AbexVe1VDR73UApmeuvfn6Yr2vN8WXjwGu2Q/viewform?edit2=2_ABaOnuenePPdjiozaY9Y86gRkQ58FMhRsghsQE7zn1OFCVZQ1Wa8qvCVpuv9Zp8B1h-09aE&source=documentstudio&timestamp=1717383650118 | H622: 2_ABaOnuenePPdjiozaY9Y86gRkQ58FMhRsghsQE7zn1OFCVZQ1Wa8qvCVpuv9Zp8B1h-09aE
A623: 45446.42 | B623: Dyah Makutaning Dewi | C623: 2024 | D623: March | E623: https://drive.google.com/open?id=1ufWoRHx50g_vKCfnAfvURoBcmck5L1CN | F623: =HYPERLINK("https://drive.google.com/open?id=1raKDx-uNeIvhNP7U_Rt7B4uGTAH17pUT","1 files moved") -> 1 files moved | G623: https://docs.google.com/forms/d/e/1FAIpQLSeEYwFnViiqk1AbexVe1VDR73UApmeuvfn6Yr2vN8WXjwGu2Q/viewform?edit2=2_ABaOnudDVArnc6ZBOGmPzPLRboa0FgHMkl3J20Lol6WKmYhanAHpu7l0AeQCzE7Ft0Yv1fU&source=documentstudio&timestamp=1717383913470 | H623: 2_ABaOnudDVArnc6ZBOGmPzPLRboa0FgHMkl3J20Lol6WKmYhanAHpu7l0AeQCzE7Ft0Yv1fU
A624: 45446.421 | B624: M Abdul Aziz | C624: 2024 | D624: March | E624: https://drive.google.com/open?id=11SMAnb8x07NbJV8lYOE3HqUbH9Lk9TUf | F624: =HYPERLINK("https://drive.google.com/open?id=1YKXc634Hd6ivOmY-kuk_dNKkhypgkHlR","1 files moved") -> 1 files moved | G624: https://docs.google.com/forms/d/e/1FAIpQLSeEYwFnViiqk1AbexVe1VDR73UApmeuvfn6Yr2vN8WXjwGu2Q/viewform?edit2=2_ABaOnucFgY8RatRmvILNcjat0RmYlooCfbuea0IwTlUMDKYct39fnqqzDN1RUrcsOA90sRs&source=documentstudio&timestamp=1717383985464 | H624: 2_ABaOnucFgY8RatRmvILNcjat0RmYlooCfbuea0IwTlUMDKYct39fnqqzDN1RUrcsOA90sRs
A625: 45446.423 | B625: Ir. Budi Arif Nugroho M.Si. | C625: 2024 | D625: March | E625: https://drive.google.com/open?id=1-H9eUeXBqi95DvBzJjFP3Df1-GvYo_m8 | F625: =HYPERLINK("https://drive.google.com/open?id=1V4TGvz085_QBAvEUyDaeNyMolr93zOZK","1 files moved") -> 1 files moved | G625: https://docs.google.com/forms/d/e/1FAIpQLSeEYwFnViiqk1AbexVe1VDR73UApmeuvfn6Yr2vN8WXjwGu2Q/viewform?edit2=2_ABaOnucpDLRdrWTbW8pPymljzodROI7ZX8aK74SkfkwvTQSL98dWIxUpBTXgdldPb8a2DnY&source=documentstudio&timestamp=1717384161142 | H625: 2_ABaOnucpDLRdrWTbW8pPymljzodROI7ZX8aK74SkfkwvTQSL98dWIxUpBTXgdldPb8a2DnY
A626: 45446.427 | B626: Aji Wahyu Ramadhani SST, M.Si | C626: 2024 | D626: March | E626: https://drive.google.com/open?id=1U70SHbmIeuo6CVqYzx2yiFmZL5Fve3cr | F626: =HYPERLINK("https://drive.google.com/open?id=1pM9D8l1ep_C4D6kUFxAGlSX58S2gNWw7","1 files moved") -> 1 files moved | G626: https://docs.google.com/forms/d/e/1FAIpQLSeEYwFnViiqk1AbexVe1VDR73UApmeuvfn6Yr2vN8WXjwGu2Q/viewform?edit2=2_ABaOnufuz431wrp8eyEJ6b9GEE8AR7uqz4p7AbLmJZpES3peg1TzFe3iW1jcZzPoTMSsd0s&source=documentstudio&timestamp=1717384505647 | H626: 2_ABaOnufuz431wrp8eyEJ6b9GEE8AR7uqz4p7AbLmJZpES3peg1TzFe3iW1jcZzPoTMSsd0s
A627: 45446.427 | B627: Ahmad Syahdi Hamid | C627: 2024 | D627: March | E627: https://drive.google.com/open?id=1g4aSQTw0T4Pj6cMnVOQzORzuA0HckoxY | F627: =HYPERLINK("https://drive.google.com/open?id=1V9JxAml7o3RDV4BK_aYYG2UrIwxiEXjP","1 files moved") -> 1 files moved | G627: https://docs.google.com/forms/d/e/1FAIpQLSeEYwFnViiqk1AbexVe1VDR73UApmeuvfn6Yr2vN8WXjwGu2Q/viewform?edit2=2_ABaOnufqHoh4Y9y-2UGNnEA1Jtx18yBiqwRumLKUWCcz-Q1YHnV_4QSDAcUxy3mMysMUzVU&source=documentstudio&timestamp=1717384506591 | H627: 2_ABaOnufqHoh4Y9y-2UGNnEA1Jtx18yBiqwRumLKUWCcz-Q1YHnV_4QSDAcUxy3mMysMUzVU
A628: 45446.428 | B628: Ma'ruf Susilo Yuwono | C628: 2024 | D628: March | E628: https://drive.google.com/open?id=1An_mFAdKeCBfU5j7mOxvaA_W6SKo109K | F628: =HYPERLINK("https://drive.google.com/open?id=1UaOhVLC8EU7AZLMQiErwZkrTRt0YZt3o","1 files moved") -> 1 files moved | G628: https://docs.google.com/forms/d/e/1FAIpQLSeEYwFnViiqk1AbexVe1VDR73UApmeuvfn6Yr2vN8WXjwGu2Q/viewform?edit2=2_ABaOnufVyx-NRlBxRu4fTHWEPFj7c__TGxw-HYxiB0QF9vMO6RL3CItvAhu-zwkdLBm8A4w&source=documentstudio&timestamp=1717384596547 | H628: 2_ABaOnufVyx-NRlBxRu4fTHWEPFj7c__TGxw-HYxiB0QF9vMO6RL3CItvAhu-zwkdLBm8A4w
A629: 45446.432 | B629: Nunung Susanti A.Md | C629: 2024 | D629: March | E629: https://drive.google.com/open?id=1a4CUdgLLo3lf9AqaDAYyx_cUV4jpiK6F | F629: =HYPERLINK("https://drive.google.com/open?id=1WAbmR1kP-K3GSrnpnC5igzsk9XdBZPD_","1 files moved") -> 1 files moved | G629: https://docs.google.com/forms/d/e/1FAIpQLSeEYwFnViiqk1AbexVe1VDR73UApmeuvfn6Yr2vN8WXjwGu2Q/viewform?edit2=2_ABaOnufKJWnz_7UywoPX7CUqiWxoJcrqrcUgFZVdghFt_spAPl1CbHIPmTy3xsFAWalICzg&source=documentstudio&timestamp=1717384887480 | H629: 2_ABaOnufKJWnz_7UywoPX7CUqiWxoJcrqrcUgFZVdghFt_spAPl1CbHIPmTy3xsFAWalICzg
A630: 45446.436 | B630: Rifki Sunu W | C630: 2024 | D630: March | E630: https://drive.google.com/open?id=1Kx448R6_CjDBoUOLbhLwHgZW05LWGg71 | F630: =HYPERLINK("https://drive.google.com/open?id=1zihvmzb__nyKiReWO6jFdOUQyMof2Z5F","1 files moved") -> 1 files moved | G630: https://docs.google.com/forms/d/e/1FAIpQLSeEYwFnViiqk1AbexVe1VDR73UApmeuvfn6Yr2vN8WXjwGu2Q/viewform?edit2=2_ABaOnucFTbVdBaIpKXPfXZKd4aZR-MCW1XgTjoeEJDi26E2cSJ5BFOYMUioFdQH3ZXVCELw&source=documentstudio&timestamp=1717385293710 | H630: 2_ABaOnucFTbVdBaIpKXPfXZKd4aZR-MCW1XgTjoeEJDi26E2cSJ5BFOYMUioFdQH3ZXVCELw
A631: 45446.437 | B631: Edy Budi Utomo SE. | C631: 2024 | D631: March | E631: https://drive.google.com/open?id=1crbgFn5uM3S7odELLgSPcbnOo2Wbcldz | F631: =HYPERLINK("https://drive.google.com/open?id=1CSWuwAcjfOUkpFz17anJSHXpLD9oH9ta","1 files moved") -> 1 files moved | G631: https://docs.google.com/forms/d/e/1FAIpQLSeEYwFnViiqk1AbexVe1VDR73UApmeuvfn6Yr2vN8WXjwGu2Q/viewform?edit2=2_ABaOnudHCI5F21e9OmR-RrbHoOqXzjLUawlL7Vnl5y6vyriX_GSwM8JIqTre-sroTanWjSY&source=documentstudio&timestamp=1717385389113 | H631: 2_ABaOnudHCI5F21e9OmR-RrbHoOqXzjLUawlL7Vnl5y6vyriX_GSwM8JIqTre-sroTanWjSY
A632: 45446.437 | B632: Supriharto | C632: 2024 | D632: May | E632: https://drive.google.com/open?id=1CR_PV_c1STlqDTXr4TJrka356z_AK2Cr | F632: =HYPERLINK("https://drive.google.com/open?id=1vt-BVSJOLHBIrsp9094dDz7aTxUYbXOd","1 files moved") -> 1 files moved | G632: https://docs.google.com/forms/d/e/1FAIpQLSeEYwFnViiqk1AbexVe1VDR73UApmeuvfn6Yr2vN8WXjwGu2Q/viewform?edit2=2_ABaOnucxS2sRQikqujdHxkG1qJ4HYKzEmI3M9WOqgF0gNvnUrOhYH6aomjBVZVSMExXIpPk&source=documentstudio&timestamp=1717385396531 | H632: 2_ABaOnucxS2sRQikqujdHxkG1qJ4HYKzEmI3M9WOqgF0gNvnUrOhYH6aomjBVZVSMExXIpPk
A633: 45446.437 | B633: Rifki Sunu W | C633: 2024 | D633: April | E633: https://drive.google.com/open?id=1iVtldHtQLNWZwnbUTNcH5julQdQTz1m_ | F633: =HYPERLINK("https://drive.google.com/open?id=1zihvmzb__nyKiReWO6jFdOUQyMof2Z5F","1 files moved") -> 1 files moved | G633: https://docs.google.com/forms/d/e/1FAIpQLSeEYwFnViiqk1AbexVe1VDR73UApmeuvfn6Yr2vN8WXjwGu2Q/viewform?edit2=2_ABaOnufVwc3ToLKGRnzzgZ5FSjMyUO8IcrX6malk7Pov_tHYI5VebuR1E1-pgE30LcoUh8w&source=documentstudio&timestamp=1717385398285 | H633: 2_ABaOnufVwc3ToLKGRnzzgZ5FSjMyUO8IcrX6malk7Pov_tHYI5VebuR1E1-pgE30LcoUh8w
A634: 45446.443 | B634: Edy Budi Utomo SE. | C634: 2024 | D634: May | E634: https://drive.google.com/open?id=1tSALn1Ihjduw8Mi3u2cyWF9vVjFmvph8 | F634: =HYPERLINK("https://drive.google.com/open?id=1CSWuwAcjfOUkpFz17anJSHXpLD9oH9ta","1 files moved") -> 1 files moved | G634: https://docs.google.com/forms/d/e/1FAIpQLSeEYwFnViiqk1AbexVe1VDR73UApmeuvfn6Yr2vN8WXjwGu2Q/viewform?edit2=2_ABaOnueYaX5sZy3_J3R3dY3phvtR7QcjOrRm91EIXtsnd-RgZYOl4WCgHYMsjql_AcGE13k&source=documentstudio&timestamp=1717385847980 | H634: 2_ABaOnueYaX5sZy3_J3R3dY3phvtR7QcjOrRm91EIXtsnd-RgZYOl4WCgHYMsjql_AcGE13k
A635: 45446.48 | B635: Rifki Sunu W | C635: 2024 | D635: February | E635: https://drive.google.com/open?id=1nOOJ1M30Df2eDIBMXLLu6aWP1hgRuGoh | F635: =HYPERLINK("https://drive.google.com/open?id=1zihvmzb__nyKiReWO6jFdOUQyMof2Z5F","1 files moved") -> 1 files moved | G635: https://docs.google.com/forms/d/e/1FAIpQLSeEYwFnViiqk1AbexVe1VDR73UApmeuvfn6Yr2vN8WXjwGu2Q/viewform?edit2=2_ABaOnucbdAmoW6cXD_Y4Pl0y3qwfRzDOQI2rrPsiKqmOntiAaIMu4t_YCMGPbW1gVaBRwOg&source=documentstudio&timestamp=1717389086027 | H635: 2_ABaOnucbdAmoW6cXD_Y4Pl0y3qwfRzDOQI2rrPsiKqmOntiAaIMu4t_YCMGPbW1gVaBRwOg
A636: 45446.481 | B636: Rifki Sunu W | C636: 2024 | D636: January | E636: https://drive.google.com/open?id=1mIZyb5fgPeNMdwqt114jQoQ58TgYWoqH | F636: =HYPERLINK("https://drive.google.com/open?id=1zihvmzb__nyKiReWO6jFdOUQyMof2Z5F","1 files moved") -> 1 files moved | G636: https://docs.google.com/forms/d/e/1FAIpQLSeEYwFnViiqk1AbexVe1VDR73UApmeuvfn6Yr2vN8WXjwGu2Q/viewform?edit2=2_ABaOnudN07pFF8ncdzXyz5_YThGldhonGOrDwUAS-fAa1I_hNDnq1PaBwy-wOXFEKhVAOLQ&source=documentstudio&timestamp=1717389116453 | H636: 2_ABaOnudN07pFF8ncdzXyz5_YThGldhonGOrDwUAS-fAa1I_hNDnq1PaBwy-wOXFEKhVAOLQ
A637: 45446.481 | B637: Ahmad Syahdi Hamid | C637: 2024 | D637: February | E637: https://drive.google.com/open?id=1I4rMyldgrJPr5hgddT_5d01reVBe5Qdq | F637: =HYPERLINK("https://drive.google.com/open?id=1V9JxAml7o3RDV4BK_aYYG2UrIwxiEXjP","1 files moved") -> 1 files moved | G637: https://docs.google.com/forms/d/e/1FAIpQLSeEYwFnViiqk1AbexVe1VDR73UApmeuvfn6Yr2vN8WXjwGu2Q/viewform?edit2=2_ABaOnueKcwxwE43lZbwHxaJjGsVnMqdUosPAMMAlERWPWa6_SVCGY63Q8bjyEVjCXnB_I3Y&source=documentstudio&timestamp=1717389162538 | H637: 2_ABaOnueKcwxwE43lZbwHxaJjGsVnMqdUosPAMMAlERWPWa6_SVCGY63Q8bjyEVjCXnB_I3Y
A638: 45446.481 | B638: Ma'ruf Susilo Yuwono | C638: 2024 | D638: February | E638: https://drive.google.com/open?id=10rDINct-OMXRAzKvh5j62gjWQVux8WEI | F638: =HYPERLINK("https://drive.google.com/open?id=1UaOhVLC8EU7AZLMQiErwZkrTRt0YZt3o","1 files moved") -> 1 files moved | G638: https://docs.google.com/forms/d/e/1FAIpQLSeEYwFnViiqk1AbexVe1VDR73UApmeuvfn6Yr2vN8WXjwGu2Q/viewform?edit2=2_ABaOnufufH3iyEc2njtrMzUx7eMBfOGO6xaBSDFQ7LbhbGQ20mxj1i2J4O5vblucfJMiRQ4&source=documentstudio&timestamp=1717389180664 | H638: 2_ABaOnufufH3iyEc2njtrMzUx7eMBfOGO6xaBSDFQ7LbhbGQ20mxj1i2J4O5vblucfJMiRQ4
A639: 45446.483 | B639: Moh.Saiful Hidayah Brotowiyono | C639: 2024 | D639: February | E639: https://drive.google.com/open?id=1Ih5ipQHCmmqNODCQiJsI9sLnotOWm2u7 | F639: =HYPERLINK("https://drive.google.com/open?id=11skWmlW9bg1I5Y0qbtAwiD9dgHdxhUYl","1 files moved") -> 1 files moved | G639: https://docs.google.com/forms/d/e/1FAIpQLSeEYwFnViiqk1AbexVe1VDR73UApmeuvfn6Yr2vN8WXjwGu2Q/viewform?edit2=2_ABaOnudpSAu5v7W1qmjpX2G6_zj8n-u7VzVfv5RcYZO1lUz1pXoWKh9Y5V3843Wiq-b8Iz0&source=documentstudio&timestamp=1717389369379 | H639: 2_ABaOnudpSAu5v7W1qmjpX2G6_zj8n-u7VzVfv5RcYZO1lUz1pXoWKh9Y5V3843Wiq-b8Iz0
A640: 45446.484 | B640: Edy Budi Utomo SE. | C640: 2024 | D640: February | E640: https://drive.google.com/open?id=1xGFJQGWIbfTNaoEqCDj4TEUqgO-QyHaz | F640: =HYPERLINK("https://drive.google.com/open?id=1CSWuwAcjfOUkpFz17anJSHXpLD9oH9ta","1 files moved") -> 1 files moved | G640: https://docs.google.com/forms/d/e/1FAIpQLSeEYwFnViiqk1AbexVe1VDR73UApmeuvfn6Yr2vN8WXjwGu2Q/viewform?edit2=2_ABaOnufMNwN8UOg32zxHdmJfFrI4PbjJ5jvPFG4J28orRx64CyKMj1h_UlsspqthiQMkjVA&source=documentstudio&timestamp=1717389399641 | H640: 2_ABaOnufMNwN8UOg32zxHdmJfFrI4PbjJ5jvPFG4J28orRx64CyKMj1h_UlsspqthiQMkjVA
A641: 45446.486 | B641: Edy Budi Utomo SE. | C641: 2024 | D641: January | E641: https://drive.google.com/open?id=1bYYLubKCKA9kEqwTX9MzEs-ouncOK4gj | F641: =HYPERLINK("https://drive.google.com/open?id=1CSWuwAcjfOUkpFz17anJSHXpLD9oH9ta","1 files moved") -> 1 files moved | G641: https://docs.google.com/forms/d/e/1FAIpQLSeEYwFnViiqk1AbexVe1VDR73UApmeuvfn6Yr2vN8WXjwGu2Q/viewform?edit2=2_ABaOnud5tcGgAdHgJWAFDZkeK5hgGiv6S9lz7hqHp22NDE1opdEjyW8_v_7xPRKRu3qvrec&source=documentstudio&timestamp=1717389604192 | H641: 2_ABaOnud5tcGgAdHgJWAFDZkeK5hgGiv6S9lz7hqHp22NDE1opdEjyW8_v_7xPRKRu3qvrec
A642: 45446.488 | B642: Moh.Saiful Hidayah Brotowiyono | C642: 2024 | D642: March | E642: https://drive.google.com/open?id=1Elv8ONGRw7Xr0_BsmUv25LzvBQ_rl0vj | F642: =HYPERLINK("https://drive.google.com/open?id=11skWmlW9bg1I5Y0qbtAwiD9dgHdxhUYl","1 files moved") -> 1 files moved | G642: https://docs.google.com/forms/d/e/1FAIpQLSeEYwFnViiqk1AbexVe1VDR73UApmeuvfn6Yr2vN8WXjwGu2Q/viewform?edit2=2_ABaOnuefAgsMgnoKag1Oja8Ul9-nE7fJH3pRbqUrmoSZM-_xW7f4zQAEXtems96xlP8vBRA&source=documentstudio&timestamp=1717389763921 | H642: 2_ABaOnuefAgsMgnoKag1Oja8Ul9-nE7fJH3pRbqUrmoSZM-_xW7f4zQAEXtems96xlP8vBRA
A643: 45446.489 | B643: Edy Budi Utomo SE. | C643: 2024 | D643: April | E643: https://drive.google.com/open?id=1D51qr_sSnMdmwTge_MkiM_qczauuaXox | F643: =HYPERLINK("https://drive.google.com/open?id=1CSWuwAcjfOUkpFz17anJSHXpLD9oH9ta","1 files moved") -> 1 files moved | G643: https://docs.google.com/forms/d/e/1FAIpQLSeEYwFnViiqk1AbexVe1VDR73UApmeuvfn6Yr2vN8WXjwGu2Q/viewform?edit2=2_ABaOnud4Z8dtigNPKr9k80Xt8znkzwWDsYSn_Fitbnrd9yxZOP9VRrjPn_bdAWnDopIBeTk&source=documentstudio&timestamp=1717389830939 | H643: 2_ABaOnud4Z8dtigNPKr9k80Xt8znkzwWDsYSn_Fitbnrd9yxZOP9VRrjPn_bdAWnDopIBeTk
A644: 45446.49 | B644: Ir. Budi Arif Nugroho M.Si. | C644: 2024 | D644: February | E644: https://drive.google.com/open?id=1tSpvszSDU91tz_ugUJMEdBLWvzwFLl0N | F644: =HYPERLINK("https://drive.google.com/open?id=1V4TGvz085_QBAvEUyDaeNyMolr93zOZK","1 files moved") -> 1 files moved | G644: https://docs.google.com/forms/d/e/1FAIpQLSeEYwFnViiqk1AbexVe1VDR73UApmeuvfn6Yr2vN8WXjwGu2Q/viewform?edit2=2_ABaOnueUUYV4sL004iH-I48eo9O_BHM6mAeyhwOf2-ANjyYgPMtlXEardm84Ptwl5VPyX-s&source=documentstudio&timestamp=1717389957981 | H644: 2_ABaOnueUUYV4sL004iH-I48eo9O_BHM6mAeyhwOf2-ANjyYgPMtlXEardm84Ptwl5VPyX-s
A645: 45446.547 | B645: Nunung Susanti A.Md | C645: 2024 | D645: January | E645: https://drive.google.com/open?id=1LkWiIFeKBXl9Ty_4fRkrmXH02jcFb5t9 | F645: =HYPERLINK("https://drive.google.com/open?id=1WAbmR1kP-K3GSrnpnC5igzsk9XdBZPD_","1 files moved") -> 1 files moved | G645: https://docs.google.com/forms/d/e/1FAIpQLSeEYwFnViiqk1AbexVe1VDR73UApmeuvfn6Yr2vN8WXjwGu2Q/viewform?edit2=2_ABaOnuc6oCGDMBQHA_4yqP-dF2dIss-aRdE470_jRUbPehoaiDBEWa-VBo-3PoSh6wucms8&source=documentstudio&timestamp=1717394828997 | H645: 2_ABaOnuc6oCGDMBQHA_4yqP-dF2dIss-aRdE470_jRUbPehoaiDBEWa-VBo-3PoSh6wucms8
A646: 45446.547 | B646: Nunung Susanti A.Md | C646: 2024 | D646: February | E646: https://drive.google.com/open?id=1-meO-pzvqNyqgrrhG8W4aFGQzhLVDOQz | F646: =HYPERLINK("https://drive.google.com/open?id=1WAbmR1kP-K3GSrnpnC5igzsk9XdBZPD_","1 files moved") -> 1 files moved | G646: https://docs.google.com/forms/d/e/1FAIpQLSeEYwFnViiqk1AbexVe1VDR73UApmeuvfn6Yr2vN8WXjwGu2Q/viewform?edit2=2_ABaOnue5KC_kLFH-PaYIv2--SWD43nPvoRvEFk2alN1r96lcbeapsrdK8dIunLl_-hwba2c&source=documentstudio&timestamp=1717394866305 | H646: 2_ABaOnue5KC_kLFH-PaYIv2--SWD43nPvoRvEFk2alN1r96lcbeapsrdK8dIunLl_-hwba2c
A647: 45446.626 | B647: Imam Sugiarto | C647: 2024 | D647: May | E647: https://drive.google.com/open?id=10xLXHWY5-2towezUFvRnx4NYtDqx4-QL | F647: =HYPERLINK("https://drive.google.com/open?id=1BZohlpYH-tCf-m6ifXipKqyT42Gbzhkv","1 files moved") -> 1 files moved | G647: https://docs.google.com/forms/d/e/1FAIpQLSeEYwFnViiqk1AbexVe1VDR73UApmeuvfn6Yr2vN8WXjwGu2Q/viewform?edit2=2_ABaOnucDnWVcX3U1UWL0BWo5p8bqCw4f6yd6poWVGYCwkf5t50-4bHY2lHIifG8PGxXsfYc&source=documentstudio&timestamp=1717401704205 | H647: 2_ABaOnucDnWVcX3U1UWL0BWo5p8bqCw4f6yd6poWVGYCwkf5t50-4bHY2lHIifG8PGxXsfYc
A648: 45446.629 | B648: Siswo | C648: 2024 | D648: May | E648: https://drive.google.com/open?id=1b3inrOyP0rhvHBOEjk0tMYF6I4rmBIVh | F648: =HYPERLINK("https://drive.google.com/open?id=1jO7SQkOk_xjZHSX78M31VKgg3Vt_d9Aw","1 files moved") -> 1 files moved | G648: https://docs.google.com/forms/d/e/1FAIpQLSeEYwFnViiqk1AbexVe1VDR73UApmeuvfn6Yr2vN8WXjwGu2Q/viewform?edit2=2_ABaOnufF3v_vVcO4CdtX2f1-kShSorxfACjV-SD9Mh1Xo_0DXfidLQTbSDeYK4ct2tMnag4&source=documentstudio&timestamp=1717401983262 | H648: 2_ABaOnufF3v_vVcO4CdtX2f1-kShSorxfACjV-SD9Mh1Xo_0DXfidLQTbSDeYK4ct2tMnag4
A649: 45447.352 | B649: Wiwi Wilujeng Kusumawati SE, M.M. | C649: 2024 | D649: May | E649: https://drive.google.com/open?id=13U7EVeXrjtAS8IynmqRY86eLhDrciAWm | F649: =HYPERLINK("https://drive.google.com/open?id=1Sf2WFhvsAzn8iNZqg-22yhfTdBuFAvJ9","1 files moved") -> 1 files moved | G649: https://docs.google.com/forms/d/e/1FAIpQLSeEYwFnViiqk1AbexVe1VDR73UApmeuvfn6Yr2vN8WXjwGu2Q/viewform?edit2=2_ABaOnucdtK0bH9yepx1XJaOFuaD_qtg2UsaC5IqDI9wLvtlaydTtLtBY6pGoDVb489qCo2s&source=documentstudio&timestamp=1717464370249 | H649: 2_ABaOnucdtK0bH9yepx1XJaOFuaD_qtg2UsaC5IqDI9wLvtlaydTtLtBY6pGoDVb489qCo2s
A650: 45447.352 | B650: Paramitha Hanifia SST | C650: 2024 | D650: May | E650: https://drive.google.com/open?id=1MaYLoU6WfSBvBemQWsqUSUPJNJfbgWjZ | F650: =HYPERLINK("https://drive.google.com/open?id=1Sf2WFhvsAzn8iNZqg-22yhfTdBuFAvJ9","1 files moved") -> 1 files moved | G650: https://docs.google.com/forms/d/e/1FAIpQLSeEYwFnViiqk1AbexVe1VDR73UApmeuvfn6Yr2vN8WXjwGu2Q/viewform?edit2=2_ABaOnucrvjNsTqySMd0ct9xiQRqdujy_yahRTKr7f-I3T5eI3eGKsb6QVEFn_TgY8Y7ozGw&source=documentstudio&timestamp=1717464374094 | H650: 2_ABaOnucrvjNsTqySMd0ct9xiQRqdujy_yahRTKr7f-I3T5eI3eGKsb6QVEFn_TgY8Y7ozGw
A651: 45447.367 | B651: M. Masykuri Zaen SST | C651: 2024 | D651: May | E651: https://drive.google.com/open?id=11jnNg7sQen8vvo78YKEt4XwCMkqBfxY0 | F651: =HYPERLINK("https://drive.google.com/open?id=1Sf2WFhvsAzn8iNZqg-22yhfTdBuFAvJ9","1 files moved") -> 1 files moved | G651: https://docs.google.com/forms/d/e/1FAIpQLSeEYwFnViiqk1AbexVe1VDR73UApmeuvfn6Yr2vN8WXjwGu2Q/viewform?edit2=2_ABaOnucVC3fG9dMId9UFGIYXqNh1E3-mpClw2Vc-_uwwC8fXhXJEPGlNMEeXbMu4nv_5K24&source=documentstudio&timestamp=1717465702786 | H651: 2_ABaOnucVC3fG9dMId9UFGIYXqNh1E3-mpClw2Vc-_uwwC8fXhXJEPGlNMEeXbMu4nv_5K24
A652: 45447.38 | B652: Moh.Saiful Hidayah Brotowiyono | C652: 2024 | D652: May | E652: https://drive.google.com/open?id=1TtXwPHWZgIdm-m_rdKBpBfZjOg7RZ-IR | F652: =HYPERLINK("https://drive.google.com/open?id=1Sf2WFhvsAzn8iNZqg-22yhfTdBuFAvJ9","1 files moved") -> 1 files moved | G652: https://docs.google.com/forms/d/e/1FAIpQLSeEYwFnViiqk1AbexVe1VDR73UApmeuvfn6Yr2vN8WXjwGu2Q/viewform?edit2=2_ABaOnueDjhKr2joB4gRG-qtuRKRsrhe8Fla-QPys__DmaUF467TqoEh_UTIkULFrpNctUTY&source=documentstudio&timestamp=1717466841865 | H652: 2_ABaOnueDjhKr2joB4gRG-qtuRKRsrhe8Fla-QPys__DmaUF467TqoEh_UTIkULFrpNctUTY
A653: 45447.395 | B653: M Abdul Muhshi | C653: 2024 | D653: May | E653: https://drive.google.com/open?id=1jujwvDWZBYuJfnZZ_3olq4DIGj369m3q | F653: =HYPERLINK("https://drive.google.com/open?id=1Sf2WFhvsAzn8iNZqg-22yhfTdBuFAvJ9","1 files moved") -> 1 files moved | G653: https://docs.google.com/forms/d/e/1FAIpQLSeEYwFnViiqk1AbexVe1VDR73UApmeuvfn6Yr2vN8WXjwGu2Q/viewform?edit2=2_ABaOnufmKg41rslmxL4THurAlDh0014kYTOy6GvkdVRFCeeOlndqFZq4qdeSXfRib42Iu9U&source=documentstudio&timestamp=1717468135320 | H653: 2_ABaOnufmKg41rslmxL4THurAlDh0014kYTOy6GvkdVRFCeeOlndqFZq4qdeSXfRib42Iu9U
A654: 45447.399 | B654: M Abdul Aziz | C654: 2024 | D654: February | E654: https://drive.google.com/open?id=1nptlXzk3QZa8Wqp9a5oY7JXWM4iHphaq | F654: =HYPERLINK("https://drive.google.com/open?id=1LFqhTM1vITN5h90kh-Ytu1NTjLMIhv00","1 files moved") -> 1 files moved | G654: https://docs.google.com/forms/d/e/1FAIpQLSeEYwFnViiqk1AbexVe1VDR73UApmeuvfn6Yr2vN8WXjwGu2Q/viewform?edit2=2_ABaOnudf6ueu5WSCXMi4VMVBfXkiB6pF-LhmaQy19IwdOdhXLCsrHIaGxkcqOTTZbNo3pmY&source=documentstudio&timestamp=1717468495550 | H654: 2_ABaOnudf6ueu5WSCXMi4VMVBfXkiB6pF-LhmaQy19IwdOdhXLCsrHIaGxkcqOTTZbNo3pmY
A655: 45448.326 | B655: Siswo Pranyoto | C655: 2024 | D655: May | E655: https://drive.google.com/open?id=1kc5hina9c1sPvtBV0jyaxkbrU6jqpBa0 | F655: =HYPERLINK("https://drive.google.com/open?id=1Sf2WFhvsAzn8iNZqg-22yhfTdBuFAvJ9","1 files moved") -> 1 files moved | G655: https://docs.google.com/forms/d/e/1FAIpQLSeEYwFnViiqk1AbexVe1VDR73UApmeuvfn6Yr2vN8WXjwGu2Q/viewform?edit2=2_ABaOnucsTLV6KIowT_dLjzKawcwRYWPcr80LLPimfK2RHVN4Uczeb_e5NPKTZg2tUoE8ZKE&source=documentstudio&timestamp=1717548582888 | H655: 2_ABaOnucsTLV6KIowT_dLjzKawcwRYWPcr80LLPimfK2RHVN4Uczeb_e5NPKTZg2tUoE8ZKE
A656: 45448.374 | B656: Aji Wahyu Ramadhani SST, M.Si | C656: 2024 | D656: May | E656: https://drive.google.com/open?id=1bxU2b-SLMcd-n1iU5b4e7JGihyG8yGcz | F656: =HYPERLINK("https://drive.google.com/open?id=1Sf2WFhvsAzn8iNZqg-22yhfTdBuFAvJ9","1 files moved") -> 1 files moved | G656: https://docs.google.com/forms/d/e/1FAIpQLSeEYwFnViiqk1AbexVe1VDR73UApmeuvfn6Yr2vN8WXjwGu2Q/viewform?edit2=2_ABaOnufKlAALQmT0xgMO_9AUby0ZjfcgOko1hSwZfnUpE7pxbE1hwTlZExWP21pSFmgcfIM&source=documentstudio&timestamp=1717552688139 | H656: 2_ABaOnufKlAALQmT0xgMO_9AUby0ZjfcgOko1hSwZfnUpE7pxbE1hwTlZExWP21pSFmgcfIM
A657: 45448.378 | B657: Ir. Budi Arif Nugroho M.Si. | C657: 2024 | D657: May | E657: https://drive.google.com/open?id=1g04H1p5Z5f6yuRhLs3yKQ7P5hJ4fWyzn | F657: =HYPERLINK("https://drive.google.com/open?id=1Sf2WFhvsAzn8iNZqg-22yhfTdBuFAvJ9","1 files moved") -> 1 files moved | G657: https://docs.google.com/forms/d/e/1FAIpQLSeEYwFnViiqk1AbexVe1VDR73UApmeuvfn6Yr2vN8WXjwGu2Q/viewform?edit2=2_ABaOnueLSVCl3uxSrowfyDME-sBMds1owZUIPBiNXAnIDwI9U6pDoVX2EKc-Eh4XhRTb8TQ&source=documentstudio&timestamp=1717553050715 | H657: 2_ABaOnueLSVCl3uxSrowfyDME-sBMds1owZUIPBiNXAnIDwI9U6pDoVX2EKc-Eh4XhRTb8TQ
A658: 45448.409 | B658: Nunung Susanti A.Md | C658: 2024 | D658: May | E658: https://drive.google.com/open?id=1f88SBbU7ll05LgFtfIMZ6n-s1_fjXkTG | F658: =HYPERLINK("https://drive.google.com/open?id=1Sf2WFhvsAzn8iNZqg-22yhfTdBuFAvJ9","1 files moved") -> 1 files moved | G658: https://docs.google.com/forms/d/e/1FAIpQLSeEYwFnViiqk1AbexVe1VDR73UApmeuvfn6Yr2vN8WXjwGu2Q/viewform?edit2=2_ABaOnuerD2YNVc9k_11TWNJ414HOK7ae6ZbWscHmYzl-HNmdJ4zOEmhwC4Y5SmExZh5_pmg&source=documentstudio&timestamp=1717555699879 | H658: 2_ABaOnuerD2YNVc9k_11TWNJ414HOK7ae6ZbWscHmYzl-HNmdJ4zOEmhwC4Y5SmExZh5_pmg
A659: 45448.446 | B659: Ma'ruf Susilo Yuwono | C659: 2024 | D659: May | E659: https://drive.google.com/open?id=1WzD1GcUlFZsd8bn4Zo7Z_fpeSnSTnK2b | F659: =HYPERLINK("https://drive.google.com/open?id=1Sf2WFhvsAzn8iNZqg-22yhfTdBuFAvJ9","1 files moved") -> 1 files moved | G659: https://docs.google.com/forms/d/e/1FAIpQLSeEYwFnViiqk1AbexVe1VDR73UApmeuvfn6Yr2vN8WXjwGu2Q/viewform?edit2=2_ABaOnucwcXutUnJf0_alrAUmgsq_WXxXYPPE-JBmdAcwlIGmckiJ_5eOwA3_WWbyreoHY9k&source=documentstudio&timestamp=1717558968655 | H659: 2_ABaOnucwcXutUnJf0_alrAUmgsq_WXxXYPPE-JBmdAcwlIGmckiJ_5eOwA3_WWbyreoHY9k
A660: 45448.453 | B660: Lydia Mirna Wening Handayani | C660: 2024 | D660: May | E660: https://drive.google.com/open?id=1ArgQvTZ7C4KL1NNSkgzFD26-mCzq24GC | F660: =HYPERLINK("https://drive.google.com/open?id=1Sf2WFhvsAzn8iNZqg-22yhfTdBuFAvJ9","1 files moved") -> 1 files moved | G660: https://docs.google.com/forms/d/e/1FAIpQLSeEYwFnViiqk1AbexVe1VDR73UApmeuvfn6Yr2vN8WXjwGu2Q/viewform?edit2=2_ABaOnueHZ_VANt0b_pJjbvJ0lOVvRr9P6FF_hALaQBEdYZhGuOoQ3NuDCaZYxCoTsWqiR4c&source=documentstudio&timestamp=1717559535203 | H660: 2_ABaOnueHZ_VANt0b_pJjbvJ0lOVvRr9P6FF_hALaQBEdYZhGuOoQ3NuDCaZYxCoTsWqiR4c
A661: 45448.454 | B661: Ir. Budi Arif Nugroho M.Si. | C661: 2024 | D661: February | E661: https://drive.google.com/open?id=1wrMDFRwdgvBxnU1HEz50fncDPKJ7Ne_5 | F661: =HYPERLINK("https://drive.google.com/open?id=1LFqhTM1vITN5h90kh-Ytu1NTjLMIhv00","1 files moved") -> 1 files moved | G661: https://docs.google.com/forms/d/e/1FAIpQLSeEYwFnViiqk1AbexVe1VDR73UApmeuvfn6Yr2vN8WXjwGu2Q/viewform?edit2=2_ABaOnue6UsGLo8iPpd0xllfOk2uEdH5cLUBsBElFrXvqsETwMdZ94Xq_ezolf-7-6cVRtB8&source=documentstudio&timestamp=1717559623641 | H661: 2_ABaOnue6UsGLo8iPpd0xllfOk2uEdH5cLUBsBElFrXvqsETwMdZ94Xq_ezolf-7-6cVRtB8
A662: 45448.454 | B662: Lydia Mirna Wening Handayani | C662: 2024 | D662: April | E662: https://drive.google.com/open?id=1Xwec-7YXYQ9-MAhimaBjrqNIA3vnPIdE | F662: =HYPERLINK("https://drive.google.com/open?id=1z9lMODPeyxGcP0HzoFm6JQe_JHBsr6Is","1 files moved") -> 1 files moved | G662: https://docs.google.com/forms/d/e/1FAIpQLSeEYwFnViiqk1AbexVe1VDR73UApmeuvfn6Yr2vN8WXjwGu2Q/viewform?edit2=2_ABaOnud8mV6nQb3y8gyj_s6-rRyzTVNXy4n0ZVP4plRiWvvnctPvdaac0dG01kYJv1Lsjnc&source=documentstudio&timestamp=1717559667546 | H662: 2_ABaOnud8mV6nQb3y8gyj_s6-rRyzTVNXy4n0ZVP4plRiWvvnctPvdaac0dG01kYJv1Lsjnc
A663: 45448.455 | B663: Ir. Budi Arif Nugroho M.Si. | C663: 2024 | D663: March | E663: https://drive.google.com/open?id=1_LBq-QIBU-Ao6UTpKRb85Sn9fPtyFjSU | F663: =HYPERLINK("https://drive.google.com/open?id=175ZXg4Nw-wRZV_OUo85-7sa4lMBqk-_Q","1 files moved") -> 1 files moved | G663: https://docs.google.com/forms/d/e/1FAIpQLSeEYwFnViiqk1AbexVe1VDR73UApmeuvfn6Yr2vN8WXjwGu2Q/viewform?edit2=2_ABaOnud0mAzV__LlmQVEJ-BDa9WjMEqGDf_XdwXnycD5T2CdbSf5R4x_57vOX0xtd4odpV4&source=documentstudio&timestamp=1717559669135 | H663: 2_ABaOnud0mAzV__LlmQVEJ-BDa9WjMEqGDf_XdwXnycD5T2CdbSf5R4x_57vOX0xtd4odpV4
A664: 45448.558 | B664: Ahmad Syahdi Hamid | C664: 2024 | D664: May | E664: https://drive.google.com/open?id=1nfw9nHLD2Y7VmlE43vdYUM3St8NgkfWt | F664: =HYPERLINK("https://drive.google.com/open?id=1Sf2WFhvsAzn8iNZqg-22yhfTdBuFAvJ9","1 files moved") -> 1 files moved | G664: https://docs.google.com/forms/d/e/1FAIpQLSeEYwFnViiqk1AbexVe1VDR73UApmeuvfn6Yr2vN8WXjwGu2Q/viewform?edit2=2_ABaOnufYXD5UmlRa4UT0sNsVenfZP6zRfQBKxqpYkRMkYlIMCuWe_wIT5UBqszt8qMBqZQI&source=documentstudio&timestamp=1717568595113 | H664: 2_ABaOnufYXD5UmlRa4UT0sNsVenfZP6zRfQBKxqpYkRMkYlIMCuWe_wIT5UBqszt8qMBqZQI
A665: 45448.611 | B665: Aris Sutikno SE | C665: 2024 | D665: May | E665: https://drive.google.com/open?id=1g5yvsGMyeH1EyivKaaOLW9KiuhdmvjyD | F665: =HYPERLINK("https://drive.google.com/open?id=1Sf2WFhvsAzn8iNZqg-22yhfTdBuFAvJ9","1 files moved") -> 1 files moved | G665: https://docs.google.com/forms/d/e/1FAIpQLSeEYwFnViiqk1AbexVe1VDR73UApmeuvfn6Yr2vN8WXjwGu2Q/viewform?edit2=2_ABaOnuc2IQU82J-w4gdx4IETiJkJi6iGx5cxkXlGZUktpDwJ6FY-qi6vPFDNm-uN73f3Rxo&source=documentstudio&timestamp=1717573172553 | H665: 2_ABaOnuc2IQU82J-w4gdx4IETiJkJi6iGx5cxkXlGZUktpDwJ6FY-qi6vPFDNm-uN73f3Rxo
A666: 45449.375 | B666: Abdul Khalim | C666: 2024 | D666: May | E666: https://drive.google.com/open?id=19F6jOgMj9YrxAzKjmxvo2FNKL5w4pXJs | F666: =HYPERLINK("https://drive.google.com/open?id=1Sf2WFhvsAzn8iNZqg-22yhfTdBuFAvJ9","1 files moved") -> 1 files moved | G666: https://docs.google.com/forms/d/e/1FAIpQLSeEYwFnViiqk1AbexVe1VDR73UApmeuvfn6Yr2vN8WXjwGu2Q/viewform?edit2=2_ABaOnudIma1N0cVgLbuAKoHEVHvR8XIXu2Ye2oNC589_hJysvkS5mAVkACK9l5K1ZcxVjeM&source=documentstudio&timestamp=1717639232976 | H666: 2_ABaOnudIma1N0cVgLbuAKoHEVHvR8XIXu2Ye2oNC589_hJysvkS5mAVkACK9l5K1ZcxVjeM
A667: 45449.606 | B667: Anjung Budi Cahyono | C667: 2024 | D667: May | E667: https://drive.google.com/open?id=1unHfI1a03XfBPm9oEazSq3DoPoVwazs8 | F667: =HYPERLINK("https://drive.google.com/open?id=1Sf2WFhvsAzn8iNZqg-22yhfTdBuFAvJ9","1 files moved") -> 1 files moved | G667: https://docs.google.com/forms/d/e/1FAIpQLSeEYwFnViiqk1AbexVe1VDR73UApmeuvfn6Yr2vN8WXjwGu2Q/viewform?edit2=2_ABaOnudnn1dMCArqX82-CUc_WlYc4lUD1jFDND5i9gFm-MIYWIVvjFGtL6pTGBi8Jf-UKD8&source=documentstudio&timestamp=1717659149893 | H667: 2_ABaOnudnn1dMCArqX82-CUc_WlYc4lUD1jFDND5i9gFm-MIYWIVvjFGtL6pTGBi8Jf-UKD8
A668: 45453.364 | B668: Ani Murwani | C668: 2024 | D668: May | E668: https://drive.google.com/open?id=12msx6aZggKfOpTJYcXLUKi7Zk8zDRA9O | F668: =HYPERLINK("https://drive.google.com/open?id=1bGJWCN7-bZQSl3cMCCd4KJRrHz1r1jve","1 files moved") -> 1 files moved | G668: https://docs.google.com/forms/d/e/1FAIpQLSeEYwFnViiqk1AbexVe1VDR73UApmeuvfn6Yr2vN8WXjwGu2Q/viewform?edit2=2_ABaOnudPLdEqlElRGSmKuGt-0bMiEZbxBUQD0j0T1gUV5hggxLwHILbP4LhXhG2QdKldx64&source=documentstudio&timestamp=1717983886284 | H668: 2_ABaOnudPLdEqlElRGSmKuGt-0bMiEZbxBUQD0j0T1gUV5hggxLwHILbP4LhXhG2QdKldx64
A669: 45453.379 | B669: Muna S.Si | C669: 2024 | D669: May | E669: https://drive.google.com/open?id=1cPRc_wnsT55jELU0Wj2BO-RvTcglKq2z | F669: =HYPERLINK("https://drive.google.com/open?id=1Zryv8yNLErRzmBqkGZTRY6f8oQgaib5M","1 files moved") -> 1 files moved | G669: https://docs.google.com/forms/d/e/1FAIpQLSeEYwFnViiqk1AbexVe1VDR73UApmeuvfn6Yr2vN8WXjwGu2Q/viewform?edit2=2_ABaOnudmngS5A2geIHKJ8qHS1iaanbzz9FOwf6YxZ8L2Cf-I2KB5OEU-T359kk5H1w3voQA&source=documentstudio&timestamp=1717985126183 | H669: 2_ABaOnudmngS5A2geIHKJ8qHS1iaanbzz9FOwf6YxZ8L2Cf-I2KB5OEU-T359kk5H1w3voQA
A670: 45453.38 | B670: Musyafa'ah A.Md | C670: 2024 | D670: May | E670: https://drive.google.com/open?id=1eP3L3M6g16rkrGuxWxboL0xEa4M-LhUq | F670: =HYPERLINK("https://drive.google.com/open?id=1tJPwF2su0hso4TETThLNHI9_S0dJdbLl","1 files moved") -> 1 files moved | G670: https://docs.google.com/forms/d/e/1FAIpQLSeEYwFnViiqk1AbexVe1VDR73UApmeuvfn6Yr2vN8WXjwGu2Q/viewform?edit2=2_ABaOnuc8IvDg3wwE40lby9tOYAMpbyzX1gK28Kw77kx2K3931rYtbMayrMazb6Isz5ih6CM&source=documentstudio&timestamp=1717985209133 | H670: 2_ABaOnuc8IvDg3wwE40lby9tOYAMpbyzX1gK28Kw77kx2K3931rYtbMayrMazb6Isz5ih6CM
A671: 45453.404 | B671: Ahmad Syahdi Hamid | C671: 2024 | D671: May | E671: https://drive.google.com/open?id=1zTHGG7VKf3Kpjm3mcfmsxvQTtT9hXfp- | F671: =HYPERLINK("https://drive.google.com/open?id=1V9JxAml7o3RDV4BK_aYYG2UrIwxiEXjP","1 files moved") -> 1 files moved | G671: https://docs.google.com/forms/d/e/1FAIpQLSeEYwFnViiqk1AbexVe1VDR73UApmeuvfn6Yr2vN8WXjwGu2Q/viewform?edit2=2_ABaOnucjoW-1mLQGW0pCpR1UwQgq8EuOQP-RXEuPP41l0mBDkxK6fqJTM6yUZ-EBwhf9b2I&source=documentstudio&timestamp=1717987321382 | H671: 2_ABaOnucjoW-1mLQGW0pCpR1UwQgq8EuOQP-RXEuPP41l0mBDkxK6fqJTM6yUZ-EBwhf9b2I
A672: 45453.415 | B672: Khusnul Khotimah A.Md | C672: 2024 | D672: May | E672: https://drive.google.com/open?id=1NmvgSulMCvhBBAaCcthqYYU6C48lB5VS | F672: =HYPERLINK("https://drive.google.com/open?id=1p9rKdY4QkNWIsmYys86EoZpuyIpPfpst","1 files moved") -> 1 files moved | G672: https://docs.google.com/forms/d/e/1FAIpQLSeEYwFnViiqk1AbexVe1VDR73UApmeuvfn6Yr2vN8WXjwGu2Q/viewform?edit2=2_ABaOnue1VMMh8QSrK5avf_iZBZTkHyCnpylBSVomxeqUnRSMC0yoyMq73ASyuwHRLkSv4ow&source=documentstudio&timestamp=1717988268726 | H672: 2_ABaOnue1VMMh8QSrK5avf_iZBZTkHyCnpylBSVomxeqUnRSMC0yoyMq73ASyuwHRLkSv4ow
A673: 45453.496 | B673: Sucipto | C673: 2024 | D673: May | E673: https://drive.google.com/open?id=1k-Op-kSj0a24_fvF5uMynd8q0C3pPwFJ | F673: =HYPERLINK("https://drive.google.com/open?id=17WOaAXl5jFgeySypAmjW1SMD0z4Hcu1k","1 files moved") -> 1 files moved | G673: https://docs.google.com/forms/d/e/1FAIpQLSeEYwFnViiqk1AbexVe1VDR73UApmeuvfn6Yr2vN8WXjwGu2Q/viewform?edit2=2_ABaOnuf0SRUWu00e3LO7qBmDK3bazSji_0fLyfUwESnRq_A_-u3546fyaoBMyMppnM26OW4&source=documentstudio&timestamp=1717995267726 | H673: 2_ABaOnuf0SRUWu00e3LO7qBmDK3bazSji_0fLyfUwESnRq_A_-u3546fyaoBMyMppnM26OW4
A674: 45454.298 | B674: Nur Kurniawati SST | C674: 2024 | D674: May | E674: https://drive.google.com/open?id=1GC7eU-Kvcj7jx5AQE4_ivdR7F3h3xyR0 | F674: =HYPERLINK("https://drive.google.com/open?id=1lAkCTSJDqjfWsuZxvLL2COI53gbRENb_","1 files moved") -> 1 files moved | G674: https://docs.google.com/forms/d/e/1FAIpQLSeEYwFnViiqk1AbexVe1VDR73UApmeuvfn6Yr2vN8WXjwGu2Q/viewform?edit2=2_ABaOnucGk8C7yAb_QFWsjTeg_8SYI9SZktrFS-Ey5Nc8pIVPr_ti-gLciaP6UAQ30YP9sCM&source=documentstudio&timestamp=1718064556587 | H674: 2_ABaOnucGk8C7yAb_QFWsjTeg_8SYI9SZktrFS-Ey5Nc8pIVPr_ti-gLciaP6UAQ30YP9sCM
A675: 45454.339 | B675: Dyah Makutaning Dewi | C675: 2024 | D675: May | E675: https://drive.google.com/open?id=1JLutJaFDHPWNFCsQ0aHzrJqvyJZeG9hr | F675: =HYPERLINK("https://drive.google.com/open?id=1raKDx-uNeIvhNP7U_Rt7B4uGTAH17pUT","1 files moved") -> 1 files moved | G675: https://docs.google.com/forms/d/e/1FAIpQLSeEYwFnViiqk1AbexVe1VDR73UApmeuvfn6Yr2vN8WXjwGu2Q/viewform?edit2=2_ABaOnue-bpmNotIAENjQmm2Xf1nQstz_gqeffnd3DgSyB-OV4k-MBos55qiEzgWqlmMKovY&source=documentstudio&timestamp=1718068120832 | H675: 2_ABaOnue-bpmNotIAENjQmm2Xf1nQstz_gqeffnd3DgSyB-OV4k-MBos55qiEzgWqlmMKovY
A676: 45454.346 | B676: Sulaeman S.Stat | C676: 2024 | D676: May | E676: https://drive.google.com/open?id=1Z8plkON9HEkxmnyim2H2dUARm5oi4UM6 | F676: =HYPERLINK("https://drive.google.com/open?id=1km-qyuVgwan24VTfuBcnXv-a0gKCGit4","1 files moved") -> 1 files moved | G676: https://docs.google.com/forms/d/e/1FAIpQLSeEYwFnViiqk1AbexVe1VDR73UApmeuvfn6Yr2vN8WXjwGu2Q/viewform?edit2=2_ABaOnud-uqdBoAwKTxZp1XKpNE7-JX8maIzxHC4L4GFRPfPJEJSgaozfzGr7wMbfPTe6dBA&source=documentstudio&timestamp=1718068668845 | H676: 2_ABaOnud-uqdBoAwKTxZp1XKpNE7-JX8maIzxHC4L4GFRPfPJEJSgaozfzGr7wMbfPTe6dBA
A677: 45454.349 | B677: Herwastuti Dwi Oktaviani A.Md. | C677: 2024 | D677: May | E677: https://drive.google.com/open?id=1mboy7eiGZ5qFN57BrumORla4QQDtPM1U | F677: =HYPERLINK("https://drive.google.com/open?id=1WOu53emjYl9MgCM11eFHkgxwdHlBm2Xz","1 files moved") -> 1 files moved | G677: https://docs.google.com/forms/d/e/1FAIpQLSeEYwFnViiqk1AbexVe1VDR73UApmeuvfn6Yr2vN8WXjwGu2Q/viewform?edit2=2_ABaOnud1z0x1Ko55KDpMOto53dT7v-lvY9aYfiL7MGxPyyysWNopa36M-xBwgHvRuC84fCE&source=documentstudio&timestamp=1718068922889 | H677: 2_ABaOnud1z0x1Ko55KDpMOto53dT7v-lvY9aYfiL7MGxPyyysWNopa36M-xBwgHvRuC84fCE
A678: 45454.352 | B678: Yudia Hasibuan | C678: 2024 | D678: May | E678: https://drive.google.com/open?id=1LVRG0avtg8TpNK3kxDvLHJtT6YkcX95h | F678: =HYPERLINK("https://drive.google.com/open?id=1KIx1m7meHb5nobC5pXq7RhJanL49Yo2o","1 files moved") -> 1 files moved | G678: https://docs.google.com/forms/d/e/1FAIpQLSeEYwFnViiqk1AbexVe1VDR73UApmeuvfn6Yr2vN8WXjwGu2Q/viewform?edit2=2_ABaOnueadZRrW3oURCAlKEfZh5mCkE_W6Nxv-sUQvWe5H7KBtN4GanpJzQ-L8ELh7dWHMXc&source=documentstudio&timestamp=1718069253785 | H678: 2_ABaOnueadZRrW3oURCAlKEfZh5mCkE_W6Nxv-sUQvWe5H7KBtN4GanpJzQ-L8ELh7dWHMXc
A679: 45454.368 | B679: M Abdul Aziz | C679: 2024 | D679: May | E679: https://drive.google.com/open?id=1BjJuipq95xuorOp0mamXX2YHEx3s9_sG | F679: =HYPERLINK("https://drive.google.com/open?id=1YKXc634Hd6ivOmY-kuk_dNKkhypgkHlR","1 files moved") -> 1 files moved | G679: https://docs.google.com/forms/d/e/1FAIpQLSeEYwFnViiqk1AbexVe1VDR73UApmeuvfn6Yr2vN8WXjwGu2Q/viewform?edit2=2_ABaOnue_Uew16FLHoTPEKrKKZ1xahk6sMb0grUAVlLAorsQFZZ1RWh3W72vYqsgdzUG7gJc&source=documentstudio&timestamp=1718070588803 | H679: 2_ABaOnue_Uew16FLHoTPEKrKKZ1xahk6sMb0grUAVlLAorsQFZZ1RWh3W72vYqsgdzUG7gJc
...

Sheet Monitoring
C1: 2024 | S1: 2025 | AE1: 2025 | AG1: 2026
A2: No | B2: Nama Pegawai | C2: March | D2: April | E2: May | F2: June | G2: July | H2: August | I2: September | J2: October | K2: November | L2: December | M2: Tahunan | N2: March Excel | O2: Tahunan Penilaian | P2: Tahunan Dokumen Evaluasi | Q2: Tahunan Penetapan Excel/IKI | R2: Tahunan Penetapan | S2: January | T2: February | U2: March | V2: April | W2: May | X2: June | Y2: July | Z2: August | AA2: September | AB2: October | AC2: November | AD2: December | AE2: Tahunan Dokumen Evaluasi | AF2: Tahunan Penilaian | AG2: Tahunan Penetapan Excel/IKI | AH2: Tahunan Penetapan | AI2: January | AJ2: February | AK2: March | AL2: April | AM2: May | AN2: June | AO2: July | AP2: August | AQ2: September | AR2: October | AS2: November | AT2: December | AU2: Tahunan Dokumen Evaluasi
A3: 1 | B3: Khomarudin | C3: =IF(COUNTIFS('Form Responses 1'!$B:$B,$B3,'Form Responses 1'!$C:$C,2024,'Form Responses 1'!$D:$D,C$2)>0,TRUE) -> FALSE | D3: =IF(COUNTIFS('Form Responses 1'!$B:$B,$B3,'Form Responses 1'!$C:$C,2024,'Form Responses 1'!$D:$D,D$2)>0,TRUE) -> FALSE | E3: =IF(COUNTIFS('Form Responses 1'!$B:$B,$B3,'Form Responses 1'!$C:$C,2024,'Form Responses 1'!$D:$D,E$2)>0,TRUE) -> FALSE | F3: =IF(COUNTIFS('Form Responses 1'!$B:$B,$B3,'Form Responses 1'!$C:$C,2024,'Form Responses 1'!$D:$D,F$2)>0,TRUE) -> FALSE | G3: =IF(COUNTIFS('Form Responses 1'!$B:$B,$B3,'Form Responses 1'!$C:$C,2024,'Form Responses 1'!$D:$D,G$2)>0,TRUE) -> FALSE | H3: =IF(COUNTIFS('Form Responses 1'!$B:$B,$B3,'Form Responses 1'!$C:$C,2024,'Form Responses 1'!$D:$D,H$2)>0,TRUE) -> FALSE | I3: =IF(COUNTIFS('Form Responses 1'!$B:$B,$B3,'Form Responses 1'!$C:$C,2024,'Form Responses 1'!$D:$D,I$2)>0,TRUE) -> FALSE | J3: =IF(COUNTIFS('Form Responses 1'!$B:$B,$B3,'Form Responses 1'!$C:$C,2024,'Form Responses 1'!$D:$D,J$2)>0,TRUE) -> FALSE | ... P3: =IF(COUNTIFS('Form Responses 1'!$B:$B,$B3,'Form Responses 1'!$C:$C,2024,'Form Responses 1'!$D:$D,P$2)>0,TRUE) -> FALSE | Q3: FALSE | R3: FALSE | S3: =IF(COUNTIFS('Form Responses 1'!$B:$B,$B3,'Form Responses 1'!$C:$C,2025,'Form Responses 1'!$D:$D,S$2)>0,TRUE) -> TRUE | T3: =IF(COUNTIFS('Form Responses 1'!$B:$B,$B3,'Form Responses 1'!$C:$C,2025,'Form Responses 1'!$D:$D,T$2)>0,TRUE) -> TRUE | U3: =IF(COUNTIFS('Form Responses 1'!$B:$B,$B3,'Form Responses 1'!$C:$C,2025,'Form Responses 1'!$D:$D,U$2)>0,TRUE) -> TRUE | V3: =IF(COUNTIFS('Form Responses 1'!$B:$B,$B3,'Form Responses 1'!$C:$C,2025,'Form Responses 1'!$D:$D,V$2)>0,TRUE) -> TRUE | W3: =IF(COUNTIFS('Form Responses 1'!$B:$B,$B3,'Form Responses 1'!$C:$C,2025,'Form Responses 1'!$D:$D,W$2)>0,TRUE) -> TRUE | X3: =IF(COUNTIFS('Form Responses 1'!$B:$B,$B3,'Form Responses 1'!$C:$C,2025,'Form Responses 1'!$D:$D,X$2)>0,TRUE) -> TRUE | Y3: =IF(COUNTIFS('Form Responses 1'!$B:$B,$B3,'Form Responses 1'!$C:$C,2025,'Form Responses 1'!$D:$D,Y$2)>0,TRUE) -> TRUE | Z3: =IF(COUNTIFS('Form Responses 1'!$B:$B,$B3,'Form Responses 1'!$C:$C,2025,'Form Responses 1'!$D:$D,Z$2)>0,TRUE) -> TRUE | ... AF3: =IF(COUNTIFS('Form Responses 1'!$B:$B,$B3,'Form Responses 1'!$C:$C,2025,'Form Responses 1'!$D:$D,AF$2)>0,TRUE) -> TRUE | AG3: =IF(COUNTIFS('Form Responses 1'!$B:$B,$B3,'Form Responses 1'!$C:$C,2026,'Form Responses 1'!$D:$D,AG$2)>0,TRUE) -> FALSE | AH3: =IF(COUNTIFS('Form Responses 1'!$B:$B,$B3,'Form Responses 1'!$C:$C,2026,'Form Responses 1'!$D:$D,AH$2)>0,TRUE) -> FALSE | AI3: =IF(COUNTIFS('Form Responses 1'!$B:$B,$B3,'Form Responses 1'!$C:$C,2026,'Form Responses 1'!$D:$D,AI$2)>0,TRUE) -> FALSE | AJ3: =IF(COUNTIFS('Form Responses 1'!$B:$B,$B3,'Form Responses 1'!$C:$C,2026,'Form Responses 1'!$D:$D,AJ$2)>0,TRUE) -> FALSE | AK3: =IF(COUNTIFS('Form Responses 1'!$B:$B,$B3,'Form Responses 1'!$C:$C,2026,'Form Responses 1'!$D:$D,AK$2)>0,TRUE) -> FALSE | AL3: =IF(COUNTIFS('Form Responses 1'!$B:$B,$B3,'Form Responses 1'!$C:$C,2026,'Form Responses 1'!$D:$D,AL$2)>0,TRUE) -> FALSE | AM3: =IF(COUNTIFS('Form Responses 1'!$B:$B,$B3,'Form Responses 1'!$C:$C,2026,'Form Responses 1'!$D:$D,AM$2)>0,TRUE) -> FALSE | AN3: =IF(COUNTIFS('Form Responses 1'!$B:$B,$B3,'Form Responses 1'!$C:$C,2026,'Form Responses 1'!$D:$D,AN$2)>0,TRUE) -> FALSE | ... AU3: =IF(COUNTIFS('Form Responses 1'!$B:$B,$B3,'Form Responses 1'!$C:$C,2026,'Form Responses 1'!$D:$D,AU$2)>0,TRUE) -> FALSE
A4: 2 | B4: M. Masykuri Zaen SST | C4: =IF(COUNTIFS('Form Responses 1'!$B:$B,$B4,'Form Responses 1'!$C:$C,2024,'Form Responses 1'!$D:$D,C$2)>0,TRUE) -> FALSE | D4: =IF(COUNTIFS('Form Responses 1'!$B:$B,$B4,'Form Responses 1'!$C:$C,2024,'Form Responses 1'!$D:$D,D$2)>0,TRUE) -> TRUE | E4: =IF(COUNTIFS('Form Responses 1'!$B:$B,$B4,'Form Responses 1'!$C:$C,2024,'Form Responses 1'!$D:$D,E$2)>0,TRUE) -> TRUE | F4: =IF(COUNTIFS('Form Responses 1'!$B:$B,$B4,'Form Responses 1'!$C:$C,2024,'Form Responses 1'!$D:$D,F$2)>0,TRUE) -> TRUE | G4: =IF(COUNTIFS('Form Responses 1'!$B:$B,$B4,'Form Responses 1'!$C:$C,2024,'Form Responses 1'!$D:$D,G$2)>0,TRUE) -> TRUE | H4: =IF(COUNTIFS('Form Responses 1'!$B:$B,$B4,'Form Responses 1'!$C:$C,2024,'Form Responses 1'!$D:$D,H$2)>0,TRUE) -> TRUE | I4: =IF(COUNTIFS('Form Responses 1'!$B:$B,$B4,'Form Responses 1'!$C:$C,2024,'Form Responses 1'!$D:$D,I$2)>0,TRUE) -> TRUE | J4: =IF(COUNTIFS('Form Responses 1'!$B:$B,$B4,'Form Responses 1'!$C:$C,2024,'Form Responses 1'!$D:$D,J$2)>0,TRUE) -> TRUE | ... P4: =IF(COUNTIFS('Form Responses 1'!$B:$B,$B4,'Form Responses 1'!$C:$C,2024,'Form Responses 1'!$D:$D,P$2)>0,TRUE) -> TRUE | Q4: =IF(COUNTIFS('Form Responses 1'!$B:$B,$B4,'Form Responses 1'!$C:$C,2025,'Form Responses 1'!$D:$D,Q$2)>0,TRUE) -> TRUE | R4: =IF(COUNTIFS('Form Responses 1'!$B:$B,$B4,'Form Responses 1'!$C:$C,2025,'Form Responses 1'!$D:$D,R$2)>0,TRUE) -> TRUE | S4: =IF(COUNTIFS('Form Responses 1'!$B:$B,$B4,'Form Responses 1'!$C:$C,2025,'Form Responses 1'!$D:$D,S$2)>0,TRUE) -> TRUE | T4: =IF(COUNTIFS('Form Responses 1'!$B:$B,$B4,'Form Responses 1'!$C:$C,2025,'Form Responses 1'!$D:$D,T$2)>0,TRUE) -> TRUE | U4: =IF(COUNTIFS('Form Responses 1'!$B:$B,$B4,'Form Responses 1'!$C:$C,2025,'Form Responses 1'!$D:$D,U$2)>0,TRUE) -> TRUE | V4: =IF(COUNTIFS('Form Responses 1'!$B:$B,$B4,'Form Responses 1'!$C:$C,2025,'Form Responses 1'!$D:$D,V$2)>0,TRUE) -> TRUE | W4: =IF(COUNTIFS('Form Responses 1'!$B:$B,$B4,'Form Responses 1'!$C:$C,2025,'Form Responses 1'!$D:$D,W$2)>0,TRUE) -> TRUE | X4: =IF(COUNTIFS('Form Responses 1'!$B:$B,$B4,'Form Responses 1'!$C:$C,2025,'Form Responses 1'!$D:$D,X$2)>0,TRUE) -> TRUE | ... AF4: =IF(COUNTIFS('Form Responses 1'!$B:$B,$B4,'Form Responses 1'!$C:$C,2025,'Form Responses 1'!$D:$D,AF$2)>0,TRUE) -> TRUE | AG4: =IF(COUNTIFS('Form Responses 1'!$B:$B,$B4,'Form Responses 1'!$C:$C,2026,'Form Responses 1'!$D:$D,AG$2)>0,TRUE) -> FALSE | AH4: =IF(COUNTIFS('Form Responses 1'!$B:$B,$B4,'Form Responses 1'!$C:$C,2026,'Form Responses 1'!$D:$D,AH$2)>0,TRUE) -> FALSE | AI4: =IF(COUNTIFS('Form Responses 1'!$B:$B,$B4,'Form Responses 1'!$C:$C,2026,'Form Responses 1'!$D:$D,AI$2)>0,TRUE) -> FALSE | AJ4: =IF(COUNTIFS('Form Responses 1'!$B:$B,$B4,'Form Responses 1'!$C:$C,2026,'Form Responses 1'!$D:$D,AJ$2)>0,TRUE) -> FALSE | AK4: =IF(COUNTIFS('Form Responses 1'!$B:$B,$B4,'Form Responses 1'!$C:$C,2026,'Form Responses 1'!$D:$D,AK$2)>0,TRUE) -> FALSE | AL4: =IF(COUNTIFS('Form Responses 1'!$B:$B,$B4,'Form Responses 1'!$C:$C,2026,'Form Responses 1'!$D:$D,AL$2)>0,TRUE) -> FALSE | AM4: =IF(COUNTIFS('Form Responses 1'!$B:$B,$B4,'Form Responses 1'!$C:$C,2026,'Form Responses 1'!$D:$D,AM$2)>0,TRUE) -> FALSE | AN4: =IF(COUNTIFS('Form Responses 1'!$B:$B,$B4,'Form Responses 1'!$C:$C,2026,'Form Responses 1'!$D:$D,AN$2)>0,TRUE) -> FALSE | ... AU4: =IF(COUNTIFS('Form Responses 1'!$B:$B,$B4,'Form Responses 1'!$C:$C,2026,'Form Responses 1'!$D:$D,AU$2)>0,TRUE) -> FALSE
A5: 3 | B5: Moh.Saiful Hidayah Brotowiyono | C5: =IF(COUNTIFS('Form Responses 1'!$B:$B,$B5,'Form Responses 1'!$C:$C,2024,'Form Responses 1'!$D:$D,C$2)>0,TRUE) -> TRUE | D5: =IF(COUNTIFS('Form Responses 1'!$B:$B,$B5,'Form Responses 1'!$C:$C,2024,'Form Responses 1'!$D:$D,D$2)>0,TRUE) -> TRUE | E5: =IF(COUNTIFS('Form Responses 1'!$B:$B,$B5,'Form Responses 1'!$C:$C,2024,'Form Responses 1'!$D:$D,E$2)>0,TRUE) -> TRUE | F5: =IF(COUNTIFS('Form Responses 1'!$B:$B,$B5,'Form Responses 1'!$C:$C,2024,'Form Responses 1'!$D:$D,F$2)>0,TRUE) -> TRUE | G5: =IF(COUNTIFS('Form Responses 1'!$B:$B,$B5,'Form Responses 1'!$C:$C,2024,'Form Responses 1'!$D:$D,G$2)>0,TRUE) -> TRUE | H5: =IF(COUNTIFS('Form Responses 1'!$B:$B,$B5,'Form Responses 1'!$C:$C,2024,'Form Responses 1'!$D:$D,H$2)>0,TRUE) -> TRUE | I5: =IF(COUNTIFS('Form Responses 1'!$B:$B,$B5,'Form Responses 1'!$C:$C,2024,'Form Responses 1'!$D:$D,I$2)>0,TRUE) -> TRUE | J5: =IF(COUNTIFS('Form Responses 1'!$B:$B,$B5,'Form Responses 1'!$C:$C,2024,'Form Responses 1'!$D:$D,J$2)>0,TRUE) -> TRUE | ... P5: =IF(COUNTIFS('Form Responses 1'!$B:$B,$B5,'Form Responses 1'!$C:$C,2024,'Form Responses 1'!$D:$D,P$2)>0,TRUE) -> TRUE | Q5: =IF(COUNTIFS('Form Responses 1'!$B:$B,$B5,'Form Responses 1'!$C:$C,2025,'Form Responses 1'!$D:$D,Q$2)>0,TRUE) -> TRUE | R5: =IF(COUNTIFS('Form Responses 1'!$B:$B,$B5,'Form Responses 1'!$C:$C,2025,'Form Responses 1'!$D:$D,R$2)>0,TRUE) -> TRUE | S5: =IF(COUNTIFS('Form Responses 1'!$B:$B,$B5,'Form Responses 1'!$C:$C,2025,'Form Responses 1'!$D:$D,S$2)>0,TRUE) -> TRUE | T5: =IF(COUNTIFS('Form Responses 1'!$B:$B,$B5,'Form Responses 1'!$C:$C,2025,'Form Responses 1'!$D:$D,T$2)>0,TRUE) -> TRUE | U5: =IF(COUNTIFS('Form Responses 1'!$B:$B,$B5,'Form Responses 1'!$C:$C,2025,'Form Responses 1'!$D:$D,U$2)>0,TRUE) -> TRUE | V5: =IF(COUNTIFS('Form Responses 1'!$B:$B,$B5,'Form Responses 1'!$C:$C,2025,'Form Responses 1'!$D:$D,V$2)>0,TRUE) -> TRUE | W5: =IF(COUNTIFS('Form Responses 1'!$B:$B,$B5,'Form Responses 1'!$C:$C,2025,'Form Responses 1'!$D:$D,W$2)>0,TRUE) -> TRUE | X5: =IF(COUNTIFS('Form Responses 1'!$B:$B,$B5,'Form Responses 1'!$C:$C,2025,'Form Responses 1'!$D:$D,X$2)>0,TRUE) -> TRUE | ... AF5: =IF(COUNTIFS('Form Responses 1'!$B:$B,$B5,'Form Responses 1'!$C:$C,2025,'Form Responses 1'!$D:$D,AF$2)>0,TRUE) -> TRUE | AG5: =IF(COUNTIFS('Form Responses 1'!$B:$B,$B5,'Form Responses 1'!$C:$C,2026,'Form Responses 1'!$D:$D,AG$2)>0,TRUE) -> FALSE | AH5: =IF(COUNTIFS('Form Responses 1'!$B:$B,$B5,'Form Responses 1'!$C:$C,2026,'Form Responses 1'!$D:$D,AH$2)>0,TRUE) -> FALSE | AI5: =IF(COUNTIFS('Form Responses 1'!$B:$B,$B5,'Form Responses 1'!$C:$C,2026,'Form Responses 1'!$D:$D,AI$2)>0,TRUE) -> FALSE | AJ5: =IF(COUNTIFS('Form Responses 1'!$B:$B,$B5,'Form Responses 1'!$C:$C,2026,'Form Responses 1'!$D:$D,AJ$2)>0,TRUE) -> FALSE | AK5: =IF(COUNTIFS('Form Responses 1'!$B:$B,$B5,'Form Responses 1'!$C:$C,2026,'Form Responses 1'!$D:$D,AK$2)>0,TRUE) -> FALSE | AL5: =IF(COUNTIFS('Form Responses 1'!$B:$B,$B5,'Form Responses 1'!$C:$C,2026,'Form Responses 1'!$D:$D,AL$2)>0,TRUE) -> FALSE | AM5: =IF(COUNTIFS('Form Responses 1'!$B:$B,$B5,'Form Responses 1'!$C:$C,2026,'Form Responses 1'!$D:$D,AM$2)>0,TRUE) -> FALSE | AN5: =IF(COUNTIFS('Form Responses 1'!$B:$B,$B5,'Form Responses 1'!$C:$C,2026,'Form Responses 1'!$D:$D,AN$2)>0,TRUE) -> FALSE | ... AU5: =IF(COUNTIFS('Form Responses 1'!$B:$B,$B5,'Form Responses 1'!$C:$C,2026,'Form Responses 1'!$D:$D,AU$2)>0,TRUE) -> FALSE
A6: 4 | B6: Paramitha Hanifia SST | C6: =IF(COUNTIFS('Form Responses 1'!$B:$B,$B6,'Form Responses 1'!$C:$C,2024,'Form Responses 1'!$D:$D,C$2)>0,TRUE) -> FALSE | D6: =IF(COUNTIFS('Form Responses 1'!$B:$B,$B6,'Form Responses 1'!$C:$C,2024,'Form Responses 1'!$D:$D,D$2)>0,TRUE) -> TRUE | E6: =IF(COUNTIFS('Form Responses 1'!$B:$B,$B6,'Form Responses 1'!$C:$C,2024,'Form Responses 1'!$D:$D,E$2)>0,TRUE) -> TRUE | F6: =IF(COUNTIFS('Form Responses 1'!$B:$B,$B6,'Form Responses 1'!$C:$C,2024,'Form Responses 1'!$D:$D,F$2)>0,TRUE) -> TRUE | G6: =IF(COUNTIFS('Form Responses 1'!$B:$B,$B6,'Form Responses 1'!$C:$C,2024,'Form Responses 1'!$D:$D,G$2)>0,TRUE) -> TRUE | H6: =IF(COUNTIFS('Form Responses 1'!$B:$B,$B6,'Form Responses 1'!$C:$C,2024,'Form Responses 1'!$D:$D,H$2)>0,TRUE) -> TRUE | I6: =IF(COUNTIFS('Form Responses 1'!$B:$B,$B6,'Form Responses 1'!$C:$C,2024,'Form Responses 1'!$D:$D,I$2)>0,TRUE) -> TRUE | J6: =IF(COUNTIFS('Form Responses 1'!$B:$B,$B6,'Form Responses 1'!$C:$C,2024,'Form Responses 1'!$D:$D,J$2)>0,TRUE) -> TRUE | ... P6: =IF(COUNTIFS('Form Responses 1'!$B:$B,$B6,'Form Responses 1'!$C:$C,2024,'Form Responses 1'!$D:$D,P$2)>0,TRUE) -> TRUE | Q6: =IF(COUNTIFS('Form Responses 1'!$B:$B,$B6,'Form Responses 1'!$C:$C,2025,'Form Responses 1'!$D:$D,Q$2)>0,TRUE) -> TRUE | R6: =IF(COUNTIFS('Form Responses 1'!$B:$B,$B6,'Form Responses 1'!$C:$C,2025,'Form Responses 1'!$D:$D,R$2)>0,TRUE) -> TRUE | S6: =IF(COUNTIFS('Form Responses 1'!$B:$B,$B6,'Form Responses 1'!$C:$C,2025,'Form Responses 1'!$D:$D,S$2)>0,TRUE) -> TRUE | T6: =IF(COUNTIFS('Form Responses 1'!$B:$B,$B6,'Form Responses 1'!$C:$C,2025,'Form Responses 1'!$D:$D,T$2)>0,TRUE) -> TRUE | U6: =IF(COUNTIFS('Form Responses 1'!$B:$B,$B6,'Form Responses 1'!$C:$C,2025,'Form Responses 1'!$D:$D,U$2)>0,TRUE) -> TRUE | V6: =IF(COUNTIFS('Form Responses 1'!$B:$B,$B6,'Form Responses 1'!$C:$C,2025,'Form Responses 1'!$D:$D,V$2)>0,TRUE) -> TRUE | W6: =IF(COUNTIFS('Form Responses 1'!$B:$B,$B6,'Form Responses 1'!$C:$C,2025,'Form Responses 1'!$D:$D,W$2)>0,TRUE) -> TRUE | X6: =IF(COUNTIFS('Form Responses 1'!$B:$B,$B6,'Form Responses 1'!$C:$C,2025,'Form Responses 1'!$D:$D,X$2)>0,TRUE) -> TRUE | ... AF6: =IF(COUNTIFS('Form Responses 1'!$B:$B,$B6,'Form Responses 1'!$C:$C,2025,'Form Responses 1'!$D:$D,AF$2)>0,TRUE) -> TRUE | AG6: =IF(COUNTIFS('Form Responses 1'!$B:$B,$B6,'Form Responses 1'!$C:$C,2026,'Form Responses 1'!$D:$D,AG$2)>0,TRUE) -> FALSE | AH6: =IF(COUNTIFS('Form Responses 1'!$B:$B,$B6,'Form Responses 1'!$C:$C,2026,'Form Responses 1'!$D:$D,AH$2)>0,TRUE) -> FALSE | AI6: =IF(COUNTIFS('Form Responses 1'!$B:$B,$B6,'Form Responses 1'!$C:$C,2026,'Form Responses 1'!$D:$D,AI$2)>0,TRUE) -> FALSE | AJ6: =IF(COUNTIFS('Form Responses 1'!$B:$B,$B6,'Form Responses 1'!$C:$C,2026,'Form Responses 1'!$D:$D,AJ$2)>0,TRUE) -> FALSE | AK6: =IF(COUNTIFS('Form Responses 1'!$B:$B,$B6,'Form Responses 1'!$C:$C,2026,'Form Responses 1'!$D:$D,AK$2)>0,TRUE) -> FALSE | AL6: =IF(COUNTIFS('Form Responses 1'!$B:$B,$B6,'Form Responses 1'!$C:$C,2026,'Form Responses 1'!$D:$D,AL$2)>0,TRUE) -> FALSE | AM6: =IF(COUNTIFS('Form Responses 1'!$B:$B,$B6,'Form Responses 1'!$C:$C,2026,'Form Responses 1'!$D:$D,AM$2)>0,TRUE) -> FALSE | AN6: =IF(COUNTIFS('Form Responses 1'!$B:$B,$B6,'Form Responses 1'!$C:$C,2026,'Form Responses 1'!$D:$D,AN$2)>0,TRUE) -> FALSE | ... AU6: =IF(COUNTIFS('Form Responses 1'!$B:$B,$B6,'Form Responses 1'!$C:$C,2026,'Form Responses 1'!$D:$D,AU$2)>0,TRUE) -> FALSE
A7: 5 | B7: Wiwi Wilujeng Kusumawati SE, M.M. | C7: =IF(COUNTIFS('Form Responses 1'!$B:$B,$B7,'Form Responses 1'!$C:$C,2024,'Form Responses 1'!$D:$D,C$2)>0,TRUE) -> TRUE | D7: =IF(COUNTIFS('Form Responses 1'!$B:$B,$B7,'Form Responses 1'!$C:$C,2024,'Form Responses 1'!$D:$D,D$2)>0,TRUE) -> TRUE | E7: =IF(COUNTIFS('Form Responses 1'!$B:$B,$B7,'Form Responses 1'!$C:$C,2024,'Form Responses 1'!$D:$D,E$2)>0,TRUE) -> TRUE | F7: =IF(COUNTIFS('Form Responses 1'!$B:$B,$B7,'Form Responses 1'!$C:$C,2024,'Form Responses 1'!$D:$D,F$2)>0,TRUE) -> TRUE | G7: =IF(COUNTIFS('Form Responses 1'!$B:$B,$B7,'Form Responses 1'!$C:$C,2024,'Form Responses 1'!$D:$D,G$2)>0,TRUE) -> TRUE | H7: =IF(COUNTIFS('Form Responses 1'!$B:$B,$B7,'Form Responses 1'!$C:$C,2024,'Form Responses 1'!$D:$D,H$2)>0,TRUE) -> TRUE | I7: =IF(COUNTIFS('Form Responses 1'!$B:$B,$B7,'Form Responses 1'!$C:$C,2024,'Form Responses 1'!$D:$D,I$2)>0,TRUE) -> TRUE | J7: =IF(COUNTIFS('Form Responses 1'!$B:$B,$B7,'Form Responses 1'!$C:$C,2024,'Form Responses 1'!$D:$D,J$2)>0,TRUE) -> TRUE | ... P7: =IF(COUNTIFS('Form Responses 1'!$B:$B,$B7,'Form Responses 1'!$C:$C,2024,'Form Responses 1'!$D:$D,P$2)>0,TRUE) -> TRUE | Q7: =IF(COUNTIFS('Form Responses 1'!$B:$B,$B7,'Form Responses 1'!$C:$C,2025,'Form Responses 1'!$D:$D,Q$2)>0,TRUE) -> TRUE | R7: =IF(COUNTIFS('Form Responses 1'!$B:$B,$B7,'Form Responses 1'!$C:$C,2025,'Form Responses 1'!$D:$D,R$2)>0,TRUE) -> TRUE | S7: =IF(COUNTIFS('Form Responses 1'!$B:$B,$B7,'Form Responses 1'!$C:$C,2025,'Form Responses 1'!$D:$D,S$2)>0,TRUE) -> TRUE | T7: =IF(COUNTIFS('Form Responses 1'!$B:$B,$B7,'Form Responses 1'!$C:$C,2025,'Form Responses 1'!$D:$D,T$2)>0,TRUE) -> TRUE | U7: =IF(COUNTIFS('Form Responses 1'!$B:$B,$B7,'Form Responses 1'!$C:$C,2025,'Form Responses 1'!$D:$D,U$2)>0,TRUE) -> TRUE | V7: =IF(COUNTIFS('Form Responses 1'!$B:$B,$B7,'Form Responses 1'!$C:$C,2025,'Form Responses 1'!$D:$D,V$2)>0,TRUE) -> TRUE | W7: =IF(COUNTIFS('Form Responses 1'!$B:$B,$B7,'Form Responses 1'!$C:$C,2025,'Form Responses 1'!$D:$D,W$2)>0,TRUE) -> TRUE | X7: =IF(COUNTIFS('Form Responses 1'!$B:$B,$B7,'Form Responses 1'!$C:$C,2025,'Form Responses 1'!$D:$D,X$2)>0,TRUE) -> TRUE | ... AF7: =IF(COUNTIFS('Form Responses 1'!$B:$B,$B7,'Form Responses 1'!$C:$C,2025,'Form Responses 1'!$D:$D,AF$2)>0,TRUE) -> TRUE | AG7: =IF(COUNTIFS('Form Responses 1'!$B:$B,$B7,'Form Responses 1'!$C:$C,2026,'Form Responses 1'!$D:$D,AG$2)>0,TRUE) -> FALSE | AH7: =IF(COUNTIFS('Form Responses 1'!$B:$B,$B7,'Form Responses 1'!$C:$C,2026,'Form Responses 1'!$D:$D,AH$2)>0,TRUE) -> FALSE | AI7: =IF(COUNTIFS('Form Responses 1'!$B:$B,$B7,'Form Responses 1'!$C:$C,2026,'Form Responses 1'!$D:$D,AI$2)>0,TRUE) -> FALSE | AJ7: =IF(COUNTIFS('Form Responses 1'!$B:$B,$B7,'Form Responses 1'!$C:$C,2026,'Form Responses 1'!$D:$D,AJ$2)>0,TRUE) -> FALSE | AK7: =IF(COUNTIFS('Form Responses 1'!$B:$B,$B7,'Form Responses 1'!$C:$C,2026,'Form Responses 1'!$D:$D,AK$2)>0,TRUE) -> FALSE | AL7: =IF(COUNTIFS('Form Responses 1'!$B:$B,$B7,'Form Responses 1'!$C:$C,2026,'Form Responses 1'!$D:$D,AL$2)>0,TRUE) -> FALSE | AM7: =IF(COUNTIFS('Form Responses 1'!$B:$B,$B7,'Form Responses 1'!$C:$C,2026,'Form Responses 1'!$D:$D,AM$2)>0,TRUE) -> FALSE | AN7: =IF(COUNTIFS('Form Responses 1'!$B:$B,$B7,'Form Responses 1'!$C:$C,2026,'Form Responses 1'!$D:$D,AN$2)>0,TRUE) -> FALSE | ... AU7: =IF(COUNTIFS('Form Responses 1'!$B:$B,$B7,'Form Responses 1'!$C:$C,2026,'Form Responses 1'!$D:$D,AU$2)>0,TRUE) -> FALSE
A8: 6 | B8: Dyah Makutaning Dewi | C8: =IF(COUNTIFS('Form Responses 1'!$B:$B,$B8,'Form Responses 1'!$C:$C,2024,'Form Responses 1'!$D:$D,C$2)>0,TRUE) -> TRUE | D8: =IF(COUNTIFS('Form Responses 1'!$B:$B,$B8,'Form Responses 1'!$C:$C,2024,'Form Responses 1'!$D:$D,D$2)>0,TRUE) -> TRUE | E8: =IF(COUNTIFS('Form Responses 1'!$B:$B,$B8,'Form Responses 1'!$C:$C,2024,'Form Responses 1'!$D:$D,E$2)>0,TRUE) -> TRUE | F8: =IF(COUNTIFS('Form Responses 1'!$B:$B,$B8,'Form Responses 1'!$C:$C,2024,'Form Responses 1'!$D:$D,F$2)>0,TRUE) -> TRUE | G8: =IF(COUNTIFS('Form Responses 1'!$B:$B,$B8,'Form Responses 1'!$C:$C,2024,'Form Responses 1'!$D:$D,G$2)>0,TRUE) -> TRUE | H8: =IF(COUNTIFS('Form Responses 1'!$B:$B,$B8,'Form Responses 1'!$C:$C,2024,'Form Responses 1'!$D:$D,H$2)>0,TRUE) -> TRUE | I8: =IF(COUNTIFS('Form Responses 1'!$B:$B,$B8,'Form Responses 1'!$C:$C,2024,'Form Responses 1'!$D:$D,I$2)>0,TRUE) -> TRUE | J8: =IF(COUNTIFS('Form Responses 1'!$B:$B,$B8,'Form Responses 1'!$C:$C,2024,'Form Responses 1'!$D:$D,J$2)>0,TRUE) -> TRUE | ... P8: =IF(COUNTIFS('Form Responses 1'!$B:$B,$B8,'Form Responses 1'!$C:$C,2024,'Form Responses 1'!$D:$D,P$2)>0,TRUE) -> TRUE | Q8: =IF(COUNTIFS('Form Responses 1'!$B:$B,$B8,'Form Responses 1'!$C:$C,2025,'Form Responses 1'!$D:$D,Q$2)>0,TRUE) -> TRUE | R8: =IF(COUNTIFS('Form Responses 1'!$B:$B,$B8,'Form Responses 1'!$C:$C,2025,'Form Responses 1'!$D:$D,R$2)>0,TRUE) -> TRUE | S8: =IF(COUNTIFS('Form Responses 1'!$B:$B,$B8,'Form Responses 1'!$C:$C,2025,'Form Responses 1'!$D:$D,S$2)>0,TRUE) -> TRUE | T8: =IF(COUNTIFS('Form Responses 1'!$B:$B,$B8,'Form Responses 1'!$C:$C,2025,'Form Responses 1'!$D:$D,T$2)>0,TRUE) -> TRUE | U8: =IF(COUNTIFS('Form Responses 1'!$B:$B,$B8,'Form Responses 1'!$C:$C,2025,'Form Responses 1'!$D:$D,U$2)>0,TRUE) -> TRUE | V8: =IF(COUNTIFS('Form Responses 1'!$B:$B,$B8,'Form Responses 1'!$C:$C,2025,'Form Responses 1'!$D:$D,V$2)>0,TRUE) -> TRUE | W8: =IF(COUNTIFS('Form Responses 1'!$B:$B,$B8,'Form Responses 1'!$C:$C,2025,'Form Responses 1'!$D:$D,W$2)>0,TRUE) -> TRUE | X8: =IF(COUNTIFS('Form Responses 1'!$B:$B,$B8,'Form Responses 1'!$C:$C,2025,'Form Responses 1'!$D:$D,X$2)>0,TRUE) -> TRUE | ... AF8: =IF(COUNTIFS('Form Responses 1'!$B:$B,$B8,'Form Responses 1'!$C:$C,2025,'Form Responses 1'!$D:$D,AF$2)>0,TRUE) -> TRUE | AG8: =IF(COUNTIFS('Form Responses 1'!$B:$B,$B8,'Form Responses 1'!$C:$C,2026,'Form Responses 1'!$D:$D,AG$2)>0,TRUE) -> FALSE | AH8: =IF(COUNTIFS('Form Responses 1'!$B:$B,$B8,'Form Responses 1'!$C:$C,2026,'Form Responses 1'!$D:$D,AH$2)>0,TRUE) -> FALSE | AI8: =IF(COUNTIFS('Form Responses 1'!$B:$B,$B8,'Form Responses 1'!$C:$C,2026,'Form Responses 1'!$D:$D,AI$2)>0,TRUE) -> FALSE | AJ8: =IF(COUNTIFS('Form Responses 1'!$B:$B,$B8,'Form Responses 1'!$C:$C,2026,'Form Responses 1'!$D:$D,AJ$2)>0,TRUE) -> FALSE | AK8: =IF(COUNTIFS('Form Responses 1'!$B:$B,$B8,'Form Responses 1'!$C:$C,2026,'Form Responses 1'!$D:$D,AK$2)>0,TRUE) -> FALSE | AL8: =IF(COUNTIFS('Form Responses 1'!$B:$B,$B8,'Form Responses 1'!$C:$C,2026,'Form Responses 1'!$D:$D,AL$2)>0,TRUE) -> FALSE | AM8: =IF(COUNTIFS('Form Responses 1'!$B:$B,$B8,'Form Responses 1'!$C:$C,2026,'Form Responses 1'!$D:$D,AM$2)>0,TRUE) -> FALSE | AN8: =IF(COUNTIFS('Form Responses 1'!$B:$B,$B8,'Form Responses 1'!$C:$C,2026,'Form Responses 1'!$D:$D,AN$2)>0,TRUE) -> FALSE | ... AU8: =IF(COUNTIFS('Form Responses 1'!$B:$B,$B8,'Form Responses 1'!$C:$C,2026,'Form Responses 1'!$D:$D,AU$2)>0,TRUE) -> FALSE
A9: 7 | B9: Musyafa'ah A.Md | C9: =IF(COUNTIFS('Form Responses 1'!$B:$B,$B9,'Form Responses 1'!$C:$C,2024,'Form Responses 1'!$D:$D,C$2)>0,TRUE) -> TRUE | D9: =IF(COUNTIFS('Form Responses 1'!$B:$B,$B9,'Form Responses 1'!$C:$C,2024,'Form Responses 1'!$D:$D,D$2)>0,TRUE) -> TRUE | E9: =IF(COUNTIFS('Form Responses 1'!$B:$B,$B9,'Form Responses 1'!$C:$C,2024,'Form Responses 1'!$D:$D,E$2)>0,TRUE) -> TRUE | F9: =IF(COUNTIFS('Form Responses 1'!$B:$B,$B9,'Form Responses 1'!$C:$C,2024,'Form Responses 1'!$D:$D,F$2)>0,TRUE) -> TRUE | G9: =IF(COUNTIFS('Form Responses 1'!$B:$B,$B9,'Form Responses 1'!$C:$C,2024,'Form Responses 1'!$D:$D,G$2)>0,TRUE) -> TRUE | H9: =IF(COUNTIFS('Form Responses 1'!$B:$B,$B9,'Form Responses 1'!$C:$C,2024,'Form Responses 1'!$D:$D,H$2)>0,TRUE) -> TRUE | I9: =IF(COUNTIFS('Form Responses 1'!$B:$B,$B9,'Form Responses 1'!$C:$C,2024,'Form Responses 1'!$D:$D,I$2)>0,TRUE) -> TRUE | J9: =IF(COUNTIFS('Form Responses 1'!$B:$B,$B9,'Form Responses 1'!$C:$C,2024,'Form Responses 1'!$D:$D,J$2)>0,TRUE) -> TRUE | ... P9: =IF(COUNTIFS('Form Responses 1'!$B:$B,$B9,'Form Responses 1'!$C:$C,2024,'Form Responses 1'!$D:$D,P$2)>0,TRUE) -> TRUE | Q9: =IF(COUNTIFS('Form Responses 1'!$B:$B,$B9,'Form Responses 1'!$C:$C,2025,'Form Responses 1'!$D:$D,Q$2)>0,TRUE) -> TRUE | R9: =IF(COUNTIFS('Form Responses 1'!$B:$B,$B9,'Form Responses 1'!$C:$C,2025,'Form Responses 1'!$D:$D,R$2)>0,TRUE) -> TRUE | S9: =IF(COUNTIFS('Form Responses 1'!$B:$B,$B9,'Form Responses 1'!$C:$C,2025,'Form Responses 1'!$D:$D,S$2)>0,TRUE) -> TRUE | T9: =IF(COUNTIFS('Form Responses 1'!$B:$B,$B9,'Form Responses 1'!$C:$C,2025,'Form Responses 1'!$D:$D,T$2)>0,TRUE) -> TRUE | U9: =IF(COUNTIFS('Form Responses 1'!$B:$B,$B9,'Form Responses 1'!$C:$C,2025,'Form Responses 1'!$D:$D,U$2)>0,TRUE) -> TRUE | V9: =IF(COUNTIFS('Form Responses 1'!$B:$B,$B9,'Form Responses 1'!$C:$C,2025,'Form Responses 1'!$D:$D,V$2)>0,TRUE) -> TRUE | W9: =IF(COUNTIFS('Form Responses 1'!$B:$B,$B9,'Form Responses 1'!$C:$C,2025,'Form Responses 1'!$D:$D,W$2)>0,TRUE) -> TRUE | X9: =IF(COUNTIFS('Form Responses 1'!$B:$B,$B9,'Form Responses 1'!$C:$C,2025,'Form Responses 1'!$D:$D,X$2)>0,TRUE) -> TRUE | ... AF9: =IF(COUNTIFS('Form Responses 1'!$B:$B,$B9,'Form Responses 1'!$C:$C,2025,'Form Responses 1'!$D:$D,AF$2)>0,TRUE) -> TRUE | AG9: =IF(COUNTIFS('Form Responses 1'!$B:$B,$B9,'Form Responses 1'!$C:$C,2026,'Form Responses 1'!$D:$D,AG$2)>0,TRUE) -> FALSE | AH9: =IF(COUNTIFS('Form Responses 1'!$B:$B,$B9,'Form Responses 1'!$C:$C,2026,'Form Responses 1'!$D:$D,AH$2)>0,TRUE) -> FALSE | AI9: =IF(COUNTIFS('Form Responses 1'!$B:$B,$B9,'Form Responses 1'!$C:$C,2026,'Form Responses 1'!$D:$D,AI$2)>0,TRUE) -> FALSE | AJ9: =IF(COUNTIFS('Form Responses 1'!$B:$B,$B9,'Form Responses 1'!$C:$C,2026,'Form Responses 1'!$D:$D,AJ$2)>0,TRUE) -> FALSE | AK9: =IF(COUNTIFS('Form Responses 1'!$B:$B,$B9,'Form Responses 1'!$C:$C,2026,'Form Responses 1'!$D:$D,AK$2)>0,TRUE) -> FALSE | AL9: =IF(COUNTIFS('Form Responses 1'!$B:$B,$B9,'Form Responses 1'!$C:$C,2026,'Form Responses 1'!$D:$D,AL$2)>0,TRUE) -> FALSE | AM9: =IF(COUNTIFS('Form Responses 1'!$B:$B,$B9,'Form Responses 1'!$C:$C,2026,'Form Responses 1'!$D:$D,AM$2)>0,TRUE) -> FALSE | AN9: =IF(COUNTIFS('Form Responses 1'!$B:$B,$B9,'Form Responses 1'!$C:$C,2026,'Form Responses 1'!$D:$D,AN$2)>0,TRUE) -> FALSE | ... AU9: =IF(COUNTIFS('Form Responses 1'!$B:$B,$B9,'Form Responses 1'!$C:$C,2026,'Form Responses 1'!$D:$D,AU$2)>0,TRUE) -> FALSE
A10: 8 | B10: Aris Sutikno SE | C10: =IF(COUNTIFS('Form Responses 1'!$B:$B,$B10,'Form Responses 1'!$C:$C,2024,'Form Responses 1'!$D:$D,C$2)>0,TRUE) -> TRUE | D10: =IF(COUNTIFS('Form Responses 1'!$B:$B,$B10,'Form Responses 1'!$C:$C,2024,'Form Responses 1'!$D:$D,D$2)>0,TRUE) -> TRUE | E10: =IF(COUNTIFS('Form Responses 1'!$B:$B,$B10,'Form Responses 1'!$C:$C,2024,'Form Responses 1'!$D:$D,E$2)>0,TRUE) -> TRUE | F10: =IF(COUNTIFS('Form Responses 1'!$B:$B,$B10,'Form Responses 1'!$C:$C,2024,'Form Responses 1'!$D:$D,F$2)>0,TRUE) -> TRUE | G10: =IF(COUNTIFS('Form Responses 1'!$B:$B,$B10,'Form Responses 1'!$C:$C,2024,'Form Responses 1'!$D:$D,G$2)>0,TRUE) -> TRUE | H10: =IF(COUNTIFS('Form Responses 1'!$B:$B,$B10,'Form Responses 1'!$C:$C,2024,'Form Responses 1'!$D:$D,H$2)>0,TRUE) -> TRUE | I10: =IF(COUNTIFS('Form Responses 1'!$B:$B,$B10,'Form Responses 1'!$C:$C,2024,'Form Responses 1'!$D:$D,I$2)>0,TRUE) -> TRUE | J10: =IF(COUNTIFS('Form Responses 1'!$B:$B,$B10,'Form Responses 1'!$C:$C,2024,'Form Responses 1'!$D:$D,J$2)>0,TRUE) -> TRUE | ... P10: =IF(COUNTIFS('Form Responses 1'!$B:$B,$B10,'Form Responses 1'!$C:$C,2024,'Form Responses 1'!$D:$D,P$2)>0,TRUE) -> TRUE | Q10: =IF(COUNTIFS('Form Responses 1'!$B:$B,$B10,'Form Responses 1'!$C:$C,2025,'Form Responses 1'!$D:$D,Q$2)>0,TRUE) -> TRUE | R10: =IF(COUNTIFS('Form Responses 1'!$B:$B,$B10,'Form Responses 1'!$C:$C,2025,'Form Responses 1'!$D:$D,R$2)>0,TRUE) -> TRUE | S10: =IF(COUNTIFS('Form Responses 1'!$B:$B,$B10,'Form Responses 1'!$C:$C,2025,'Form Responses 1'!$D:$D,S$2)>0,TRUE) -> TRUE | T10: =IF(COUNTIFS('Form Responses 1'!$B:$B,$B10,'Form Responses 1'!$C:$C,2025,'Form Responses 1'!$D:$D,T$2)>0,TRUE) -> TRUE | U10: =IF(COUNTIFS('Form Responses 1'!$B:$B,$B10,'Form Responses 1'!$C:$C,2025,'Form Responses 1'!$D:$D,U$2)>0,TRUE) -> TRUE | V10: =IF(COUNTIFS('Form Responses 1'!$B:$B,$B10,'Form Responses 1'!$C:$C,2025,'Form Responses 1'!$D:$D,V$2)>0,TRUE) -> TRUE | W10: =IF(COUNTIFS('Form Responses 1'!$B:$B,$B10,'Form Responses 1'!$C:$C,2025,'Form Responses 1'!$D:$D,W$2)>0,TRUE) -> TRUE | X10: =IF(COUNTIFS('Form Responses 1'!$B:$B,$B10,'Form Responses 1'!$C:$C,2025,'Form Responses 1'!$D:$D,X$2)>0,TRUE) -> TRUE | ... AF10: =IF(COUNTIFS('Form Responses 1'!$B:$B,$B10,'Form Responses 1'!$C:$C,2025,'Form Responses 1'!$D:$D,AF$2)>0,TRUE) -> TRUE | AG10: =IF(COUNTIFS('Form Responses 1'!$B:$B,$B10,'Form Responses 1'!$C:$C,2026,'Form Responses 1'!$D:$D,AG$2)>0,TRUE) -> FALSE | AH10: =IF(COUNTIFS('Form Responses 1'!$B:$B,$B10,'Form Responses 1'!$C:$C,2026,'Form Responses 1'!$D:$D,AH$2)>0,TRUE) -> FALSE | AI10: =IF(COUNTIFS('Form Responses 1'!$B:$B,$B10,'Form Responses 1'!$C:$C,2026,'Form Responses 1'!$D:$D,AI$2)>0,TRUE) -> FALSE | AJ10: =IF(COUNTIFS('Form Responses 1'!$B:$B,$B10,'Form Responses 1'!$C:$C,2026,'Form Responses 1'!$D:$D,AJ$2)>0,TRUE) -> FALSE | AK10: =IF(COUNTIFS('Form Responses 1'!$B:$B,$B10,'Form Responses 1'!$C:$C,2026,'Form Responses 1'!$D:$D,AK$2)>0,TRUE) -> FALSE | AL10: =IF(COUNTIFS('Form Responses 1'!$B:$B,$B10,'Form Responses 1'!$C:$C,2026,'Form Responses 1'!$D:$D,AL$2)>0,TRUE) -> FALSE | AM10: =IF(COUNTIFS('Form Responses 1'!$B:$B,$B10,'Form Responses 1'!$C:$C,2026,'Form Responses 1'!$D:$D,AM$2)>0,TRUE) -> FALSE | AN10: =IF(COUNTIFS('Form Responses 1'!$B:$B,$B10,'Form Responses 1'!$C:$C,2026,'Form Responses 1'!$D:$D,AN$2)>0,TRUE) -> FALSE | ... AU10: =IF(COUNTIFS('Form Responses 1'!$B:$B,$B10,'Form Responses 1'!$C:$C,2026,'Form Responses 1'!$D:$D,AU$2)>0,TRUE) -> FALSE
A11: 9 | B11: Abdul Khalim | C11: =IF(COUNTIFS('Form Responses 1'!$B:$B,$B11,'Form Responses 1'!$C:$C,2024,'Form Responses 1'!$D:$D,C$2)>0,TRUE) -> TRUE | D11: =IF(COUNTIFS('Form Responses 1'!$B:$B,$B11,'Form Responses 1'!$C:$C,2024,'Form Responses 1'!$D:$D,D$2)>0,TRUE) -> TRUE | E11: =IF(COUNTIFS('Form Responses 1'!$B:$B,$B11,'Form Responses 1'!$C:$C,2024,'Form Responses 1'!$D:$D,E$2)>0,TRUE) -> TRUE | F11: =IF(COUNTIFS('Form Responses 1'!$B:$B,$B11,'Form Responses 1'!$C:$C,2024,'Form Responses 1'!$D:$D,F$2)>0,TRUE) -> TRUE | G11: =IF(COUNTIFS('Form Responses 1'!$B:$B,$B11,'Form Responses 1'!$C:$C,2024,'Form Responses 1'!$D:$D,G$2)>0,TRUE) -> TRUE | H11: =IF(COUNTIFS('Form Responses 1'!$B:$B,$B11,'Form Responses 1'!$C:$C,2024,'Form Responses 1'!$D:$D,H$2)>0,TRUE) -> TRUE | I11: =IF(COUNTIFS('Form Responses 1'!$B:$B,$B11,'Form Responses 1'!$C:$C,2024,'Form Responses 1'!$D:$D,I$2)>0,TRUE) -> TRUE | J11: =IF(COUNTIFS('Form Responses 1'!$B:$B,$B11,'Form Responses 1'!$C:$C,2024,'Form Responses 1'!$D:$D,J$2)>0,TRUE) -> TRUE | ... P11: =IF(COUNTIFS('Form Responses 1'!$B:$B,$B11,'Form Responses 1'!$C:$C,2024,'Form Responses 1'!$D:$D,P$2)>0,TRUE) -> TRUE | Q11: =IF(COUNTIFS('Form Responses 1'!$B:$B,$B11,'Form Responses 1'!$C:$C,2025,'Form Responses 1'!$D:$D,Q$2)>0,TRUE) -> TRUE | R11: =IF(COUNTIFS('Form Responses 1'!$B:$B,$B11,'Form Responses 1'!$C:$C,2025,'Form Responses 1'!$D:$D,R$2)>0,TRUE) -> TRUE | S11: =IF(COUNTIFS('Form Responses 1'!$B:$B,$B11,'Form Responses 1'!$C:$C,2025,'Form Responses 1'!$D:$D,S$2)>0,TRUE) -> TRUE | T11: =IF(COUNTIFS('Form Responses 1'!$B:$B,$B11,'Form Responses 1'!$C:$C,2025,'Form Responses 1'!$D:$D,T$2)>0,TRUE) -> TRUE | U11: =IF(COUNTIFS('Form Responses 1'!$B:$B,$B11,'Form Responses 1'!$C:$C,2025,'Form Responses 1'!$D:$D,U$2)>0,TRUE) -> TRUE | V11: =IF(COUNTIFS('Form Responses 1'!$B:$B,$B11,'Form Responses 1'!$C:$C,2025,'Form Responses 1'!$D:$D,V$2)>0,TRUE) -> TRUE | W11: =IF(COUNTIFS('Form Responses 1'!$B:$B,$B11,'Form Responses 1'!$C:$C,2025,'Form Responses 1'!$D:$D,W$2)>0,TRUE) -> TRUE | X11: =IF(COUNTIFS('Form Responses 1'!$B:$B,$B11,'Form Responses 1'!$C:$C,2025,'Form Responses 1'!$D:$D,X$2)>0,TRUE) -> TRUE | ... AF11: =IF(COUNTIFS('Form Responses 1'!$B:$B,$B11,'Form Responses 1'!$C:$C,2025,'Form Responses 1'!$D:$D,AF$2)>0,TRUE) -> TRUE | AG11: =IF(COUNTIFS('Form Responses 1'!$B:$B,$B11,'Form Responses 1'!$C:$C,2026,'Form Responses 1'!$D:$D,AG$2)>0,TRUE) -> FALSE | AH11: =IF(COUNTIFS('Form Responses 1'!$B:$B,$B11,'Form Responses 1'!$C:$C,2026,'Form Responses 1'!$D:$D,AH$2)>0,TRUE) -> FALSE | AI11: =IF(COUNTIFS('Form Responses 1'!$B:$B,$B11,'Form Responses 1'!$C:$C,2026,'Form Responses 1'!$D:$D,AI$2)>0,TRUE) -> FALSE | AJ11: =IF(COUNTIFS('Form Responses 1'!$B:$B,$B11,'Form Responses 1'!$C:$C,2026,'Form Responses 1'!$D:$D,AJ$2)>0,TRUE) -> FALSE | AK11: =IF(COUNTIFS('Form Responses 1'!$B:$B,$B11,'Form Responses 1'!$C:$C,2026,'Form Responses 1'!$D:$D,AK$2)>0,TRUE) -> FALSE | AL11: =IF(COUNTIFS('Form Responses 1'!$B:$B,$B11,'Form Responses 1'!$C:$C,2026,'Form Responses 1'!$D:$D,AL$2)>0,TRUE) -> FALSE | AM11: =IF(COUNTIFS('Form Responses 1'!$B:$B,$B11,'Form Responses 1'!$C:$C,2026,'Form Responses 1'!$D:$D,AM$2)>0,TRUE) -> FALSE | AN11: =IF(COUNTIFS('Form Responses 1'!$B:$B,$B11,'Form Responses 1'!$C:$C,2026,'Form Responses 1'!$D:$D,AN$2)>0,TRUE) -> FALSE | ... AU11: =IF(COUNTIFS('Form Responses 1'!$B:$B,$B11,'Form Responses 1'!$C:$C,2026,'Form Responses 1'!$D:$D,AU$2)>0,TRUE) -> FALSE
A12: 10 | B12: M Abdul Muhshi | C12: =IF(COUNTIFS('Form Responses 1'!$B:$B,$B12,'Form Responses 1'!$C:$C,2024,'Form Responses 1'!$D:$D,C$2)>0,TRUE) -> FALSE | D12: =IF(COUNTIFS('Form Responses 1'!$B:$B,$B12,'Form Responses 1'!$C:$C,2024,'Form Responses 1'!$D:$D,D$2)>0,TRUE) -> TRUE | E12: =IF(COUNTIFS('Form Responses 1'!$B:$B,$B12,'Form Responses 1'!$C:$C,2024,'Form Responses 1'!$D:$D,E$2)>0,TRUE) -> TRUE | F12: =IF(COUNTIFS('Form Responses 1'!$B:$B,$B12,'Form Responses 1'!$C:$C,2024,'Form Responses 1'!$D:$D,F$2)>0,TRUE) -> TRUE | G12: =IF(COUNTIFS('Form Responses 1'!$B:$B,$B12,'Form Responses 1'!$C:$C,2024,'Form Responses 1'!$D:$D,G$2)>0,TRUE) -> TRUE | H12: =IF(COUNTIFS('Form Responses 1'!$B:$B,$B12,'Form Responses 1'!$C:$C,2024,'Form Responses 1'!$D:$D,H$2)>0,TRUE) -> TRUE | I12: =IF(COUNTIFS('Form Responses 1'!$B:$B,$B12,'Form Responses 1'!$C:$C,2024,'Form Responses 1'!$D:$D,I$2)>0,TRUE) -> TRUE | J12: =IF(COUNTIFS('Form Responses 1'!$B:$B,$B12,'Form Responses 1'!$C:$C,2024,'Form Responses 1'!$D:$D,J$2)>0,TRUE) -> TRUE | ... P12: =IF(COUNTIFS('Form Responses 1'!$B:$B,$B12,'Form Responses 1'!$C:$C,2024,'Form Responses 1'!$D:$D,P$2)>0,TRUE) -> TRUE | Q12: =IF(COUNTIFS('Form Responses 1'!$B:$B,$B12,'Form Responses 1'!$C:$C,2025,'Form Responses 1'!$D:$D,Q$2)>0,TRUE) -> TRUE | R12: =IF(COUNTIFS('Form Responses 1'!$B:$B,$B12,'Form Responses 1'!$C:$C,2025,'Form Responses 1'!$D:$D,R$2)>0,TRUE) -> TRUE | S12: =IF(COUNTIFS('Form Responses 1'!$B:$B,$B12,'Form Responses 1'!$C:$C,2025,'Form Responses 1'!$D:$D,S$2)>0,TRUE) -> TRUE | T12: =IF(COUNTIFS('Form Responses 1'!$B:$B,$B12,'Form Responses 1'!$C:$C,2025,'Form Responses 1'!$D:$D,T$2)>0,TRUE) -> TRUE | U12: =IF(COUNTIFS('Form Responses 1'!$B:$B,$B12,'Form Responses 1'!$C:$C,2025,'Form Responses 1'!$D:$D,U$2)>0,TRUE) -> TRUE | V12: =IF(COUNTIFS('Form Responses 1'!$B:$B,$B12,'Form Responses 1'!$C:$C,2025,'Form Responses 1'!$D:$D,V$2)>0,TRUE) -> TRUE | W12: =IF(COUNTIFS('Form Responses 1'!$B:$B,$B12,'Form Responses 1'!$C:$C,2025,'Form Responses 1'!$D:$D,W$2)>0,TRUE) -> TRUE | X12: =IF(COUNTIFS('Form Responses 1'!$B:$B,$B12,'Form Responses 1'!$C:$C,2025,'Form Responses 1'!$D:$D,X$2)>0,TRUE) -> TRUE | ... AF12: =IF(COUNTIFS('Form Responses 1'!$B:$B,$B12,'Form Responses 1'!$C:$C,2025,'Form Responses 1'!$D:$D,AF$2)>0,TRUE) -> TRUE | AG12: =IF(COUNTIFS('Form Responses 1'!$B:$B,$B12,'Form Responses 1'!$C:$C,2026,'Form Responses 1'!$D:$D,AG$2)>0,TRUE) -> FALSE | AH12: =IF(COUNTIFS('Form Responses 1'!$B:$B,$B12,'Form Responses 1'!$C:$C,2026,'Form Responses 1'!$D:$D,AH$2)>0,TRUE) -> FALSE | AI12: =IF(COUNTIFS('Form Responses 1'!$B:$B,$B12,'Form Responses 1'!$C:$C,2026,'Form Responses 1'!$D:$D,AI$2)>0,TRUE) -> FALSE | AJ12: =IF(COUNTIFS('Form Responses 1'!$B:$B,$B12,'Form Responses 1'!$C:$C,2026,'Form Responses 1'!$D:$D,AJ$2)>0,TRUE) -> FALSE | AK12: =IF(COUNTIFS('Form Responses 1'!$B:$B,$B12,'Form Responses 1'!$C:$C,2026,'Form Responses 1'!$D:$D,AK$2)>0,TRUE) -> FALSE | AL12: =IF(COUNTIFS('Form Responses 1'!$B:$B,$B12,'Form Responses 1'!$C:$C,2026,'Form Responses 1'!$D:$D,AL$2)>0,TRUE) -> FALSE | AM12: =IF(COUNTIFS('Form Responses 1'!$B:$B,$B12,'Form Responses 1'!$C:$C,2026,'Form Responses 1'!$D:$D,AM$2)>0,TRUE) -> FALSE | AN12: =IF(COUNTIFS('Form Responses 1'!$B:$B,$B12,'Form Responses 1'!$C:$C,2026,'Form Responses 1'!$D:$D,AN$2)>0,TRUE) -> FALSE | ... AU12: =IF(COUNTIFS('Form Responses 1'!$B:$B,$B12,'Form Responses 1'!$C:$C,2026,'Form Responses 1'!$D:$D,AU$2)>0,TRUE) -> FALSE
A13: 11 | B13: Herwastuti Dwi Oktaviani A.Md. | C13: =IF(COUNTIFS('Form Responses 1'!$B:$B,$B13,'Form Responses 1'!$C:$C,2024,'Form Responses 1'!$D:$D,C$2)>0,TRUE) -> FALSE | D13: =IF(COUNTIFS('Form Responses 1'!$B:$B,$B13,'Form Responses 1'!$C:$C,2024,'Form Responses 1'!$D:$D,D$2)>0,TRUE) -> TRUE | E13: =IF(COUNTIFS('Form Responses 1'!$B:$B,$B13,'Form Responses 1'!$C:$C,2024,'Form Responses 1'!$D:$D,E$2)>0,TRUE) -> TRUE | F13: =IF(COUNTIFS('Form Responses 1'!$B:$B,$B13,'Form Responses 1'!$C:$C,2024,'Form Responses 1'!$D:$D,F$2)>0,TRUE) -> TRUE | G13: =IF(COUNTIFS('Form Responses 1'!$B:$B,$B13,'Form Responses 1'!$C:$C,2024,'Form Responses 1'!$D:$D,G$2)>0,TRUE) -> TRUE | H13: =IF(COUNTIFS('Form Responses 1'!$B:$B,$B13,'Form Responses 1'!$C:$C,2024,'Form Responses 1'!$D:$D,H$2)>0,TRUE) -> TRUE | I13: =IF(COUNTIFS('Form Responses 1'!$B:$B,$B13,'Form Responses 1'!$C:$C,2024,'Form Responses 1'!$D:$D,I$2)>0,TRUE) -> TRUE | J13: =IF(COUNTIFS('Form Responses 1'!$B:$B,$B13,'Form Responses 1'!$C:$C,2024,'Form Responses 1'!$D:$D,J$2)>0,TRUE) -> TRUE | ... P13: =IF(COUNTIFS('Form Responses 1'!$B:$B,$B13,'Form Responses 1'!$C:$C,2024,'Form Responses 1'!$D:$D,P$2)>0,TRUE) -> FALSE | Q13: =IF(COUNTIFS('Form Responses 1'!$B:$B,$B13,'Form Responses 1'!$C:$C,2025,'Form Responses 1'!$D:$D,Q$2)>0,TRUE) -> TRUE | R13: =IF(COUNTIFS('Form Responses 1'!$B:$B,$B13,'Form Responses 1'!$C:$C,2025,'Form Responses 1'!$D:$D,R$2)>0,TRUE) -> TRUE | S13: =IF(COUNTIFS('Form Responses 1'!$B:$B,$B13,'Form Responses 1'!$C:$C,2025,'Form Responses 1'!$D:$D,S$2)>0,TRUE) -> TRUE | T13: =IF(COUNTIFS('Form Responses 1'!$B:$B,$B13,'Form Responses 1'!$C:$C,2025,'Form Responses 1'!$D:$D,T$2)>0,TRUE) -> TRUE | U13: =IF(COUNTIFS('Form Responses 1'!$B:$B,$B13,'Form Responses 1'!$C:$C,2025,'Form Responses 1'!$D:$D,U$2)>0,TRUE) -> TRUE | V13: =IF(COUNTIFS('Form Responses 1'!$B:$B,$B13,'Form Responses 1'!$C:$C,2025,'Form Responses 1'!$D:$D,V$2)>0,TRUE) -> TRUE | W13: =IF(COUNTIFS('Form Responses 1'!$B:$B,$B13,'Form Responses 1'!$C:$C,2025,'Form Responses 1'!$D:$D,W$2)>0,TRUE) -> TRUE | X13: =IF(COUNTIFS('Form Responses 1'!$B:$B,$B13,'Form Responses 1'!$C:$C,2025,'Form Responses 1'!$D:$D,X$2)>0,TRUE) -> TRUE | ... AF13: =IF(COUNTIFS('Form Responses 1'!$B:$B,$B13,'Form Responses 1'!$C:$C,2025,'Form Responses 1'!$D:$D,AF$2)>0,TRUE) -> TRUE | AG13: =IF(COUNTIFS('Form Responses 1'!$B:$B,$B13,'Form Responses 1'!$C:$C,2026,'Form Responses 1'!$D:$D,AG$2)>0,TRUE) -> FALSE | AH13: =IF(COUNTIFS('Form Responses 1'!$B:$B,$B13,'Form Responses 1'!$C:$C,2026,'Form Responses 1'!$D:$D,AH$2)>0,TRUE) -> FALSE | AI13: =IF(COUNTIFS('Form Responses 1'!$B:$B,$B13,'Form Responses 1'!$C:$C,2026,'Form Responses 1'!$D:$D,AI$2)>0,TRUE) -> FALSE | AJ13: =IF(COUNTIFS('Form Responses 1'!$B:$B,$B13,'Form Responses 1'!$C:$C,2026,'Form Responses 1'!$D:$D,AJ$2)>0,TRUE) -> FALSE | AK13: =IF(COUNTIFS('Form Responses 1'!$B:$B,$B13,'Form Responses 1'!$C:$C,2026,'Form Responses 1'!$D:$D,AK$2)>0,TRUE) -> FALSE | AL13: =IF(COUNTIFS('Form Responses 1'!$B:$B,$B13,'Form Responses 1'!$C:$C,2026,'Form Responses 1'!$D:$D,AL$2)>0,TRUE) -> FALSE | AM13: =IF(COUNTIFS('Form Responses 1'!$B:$B,$B13,'Form Responses 1'!$C:$C,2026,'Form Responses 1'!$D:$D,AM$2)>0,TRUE) -> FALSE | AN13: =IF(COUNTIFS('Form Responses 1'!$B:$B,$B13,'Form Responses 1'!$C:$C,2026,'Form Responses 1'!$D:$D,AN$2)>0,TRUE) -> FALSE | ... AU13: =IF(COUNTIFS('Form Responses 1'!$B:$B,$B13,'Form Responses 1'!$C:$C,2026,'Form Responses 1'!$D:$D,AU$2)>0,TRUE) -> FALSE
A14: 12 | B14: Khusnul Khotimah A.Md | C14: =IF(COUNTIFS('Form Responses 1'!$B:$B,$B14,'Form Responses 1'!$C:$C,2024,'Form Responses 1'!$D:$D,C$2)>0,TRUE) -> FALSE | D14: =IF(COUNTIFS('Form Responses 1'!$B:$B,$B14,'Form Responses 1'!$C:$C,2024,'Form Responses 1'!$D:$D,D$2)>0,TRUE) -> TRUE | E14: =IF(COUNTIFS('Form Responses 1'!$B:$B,$B14,'Form Responses 1'!$C:$C,2024,'Form Responses 1'!$D:$D,E$2)>0,TRUE) -> TRUE | F14: =IF(COUNTIFS('Form Responses 1'!$B:$B,$B14,'Form Responses 1'!$C:$C,2024,'Form Responses 1'!$D:$D,F$2)>0,TRUE) -> TRUE | G14: =IF(COUNTIFS('Form Responses 1'!$B:$B,$B14,'Form Responses 1'!$C:$C,2024,'Form Responses 1'!$D:$D,G$2)>0,TRUE) -> TRUE | H14: =IF(COUNTIFS('Form Responses 1'!$B:$B,$B14,'Form Responses 1'!$C:$C,2024,'Form Responses 1'!$D:$D,H$2)>0,TRUE) -> TRUE | I14: =IF(COUNTIFS('Form Responses 1'!$B:$B,$B14,'Form Responses 1'!$C:$C,2024,'Form Responses 1'!$D:$D,I$2)>0,TRUE) -> TRUE | J14: =IF(COUNTIFS('Form Responses 1'!$B:$B,$B14,'Form Responses 1'!$C:$C,2024,'Form Responses 1'!$D:$D,J$2)>0,TRUE) -> TRUE | ... P14: =IF(COUNTIFS('Form Responses 1'!$B:$B,$B14,'Form Responses 1'!$C:$C,2024,'Form Responses 1'!$D:$D,P$2)>0,TRUE) -> TRUE | Q14: =IF(COUNTIFS('Form Responses 1'!$B:$B,$B14,'Form Responses 1'!$C:$C,2025,'Form Responses 1'!$D:$D,Q$2)>0,TRUE) -> TRUE | R14: =IF(COUNTIFS('Form Responses 1'!$B:$B,$B14,'Form Responses 1'!$C:$C,2025,'Form Responses 1'!$D:$D,R$2)>0,TRUE) -> TRUE | S14: =IF(COUNTIFS('Form Responses 1'!$B:$B,$B14,'Form Responses 1'!$C:$C,2025,'Form Responses 1'!$D:$D,S$2)>0,TRUE) -> TRUE | T14: =IF(COUNTIFS('Form Responses 1'!$B:$B,$B14,'Form Responses 1'!$C:$C,2025,'Form Responses 1'!$D:$D,T$2)>0,TRUE) -> TRUE | U14: =IF(COUNTIFS('Form Responses 1'!$B:$B,$B14,'Form Responses 1'!$C:$C,2025,'Form Responses 1'!$D:$D,U$2)>0,TRUE) -> TRUE | V14: =IF(COUNTIFS('Form Responses 1'!$B:$B,$B14,'Form Responses 1'!$C:$C,2025,'Form Responses 1'!$D:$D,V$2)>0,TRUE) -> TRUE | W14: =IF(COUNTIFS('Form Responses 1'!$B:$B,$B14,'Form Responses 1'!$C:$C,2025,'Form Responses 1'!$D:$D,W$2)>0,TRUE) -> TRUE | X14: =IF(COUNTIFS('Form Responses 1'!$B:$B,$B14,'Form Responses 1'!$C:$C,2025,'Form Responses 1'!$D:$D,X$2)>0,TRUE) -> TRUE | ... AF14: =IF(COUNTIFS('Form Responses 1'!$B:$B,$B14,'Form Responses 1'!$C:$C,2025,'Form Responses 1'!$D:$D,AF$2)>0,TRUE) -> TRUE | AG14: =IF(COUNTIFS('Form Responses 1'!$B:$B,$B14,'Form Responses 1'!$C:$C,2026,'Form Responses 1'!$D:$D,AG$2)>0,TRUE) -> FALSE | AH14: =IF(COUNTIFS('Form Responses 1'!$B:$B,$B14,'Form Responses 1'!$C:$C,2026,'Form Responses 1'!$D:$D,AH$2)>0,TRUE) -> FALSE | AI14: =IF(COUNTIFS('Form Responses 1'!$B:$B,$B14,'Form Responses 1'!$C:$C,2026,'Form Responses 1'!$D:$D,AI$2)>0,TRUE) -> FALSE | AJ14: =IF(COUNTIFS('Form Responses 1'!$B:$B,$B14,'Form Responses 1'!$C:$C,2026,'Form Responses 1'!$D:$D,AJ$2)>0,TRUE) -> FALSE | AK14: =IF(COUNTIFS('Form Responses 1'!$B:$B,$B14,'Form Responses 1'!$C:$C,2026,'Form Responses 1'!$D:$D,AK$2)>0,TRUE) -> FALSE | AL14: =IF(COUNTIFS('Form Responses 1'!$B:$B,$B14,'Form Responses 1'!$C:$C,2026,'Form Responses 1'!$D:$D,AL$2)>0,TRUE) -> FALSE | AM14: =IF(COUNTIFS('Form Responses 1'!$B:$B,$B14,'Form Responses 1'!$C:$C,2026,'Form Responses 1'!$D:$D,AM$2)>0,TRUE) -> FALSE | AN14: =IF(COUNTIFS('Form Responses 1'!$B:$B,$B14,'Form Responses 1'!$C:$C,2026,'Form Responses 1'!$D:$D,AN$2)>0,TRUE) -> FALSE | ... AU14: =IF(COUNTIFS('Form Responses 1'!$B:$B,$B14,'Form Responses 1'!$C:$C,2026,'Form Responses 1'!$D:$D,AU$2)>0,TRUE) -> FALSE
A15: 13 | B15: Aji Wahyu Ramadhani SST, M.Si | C15: =IF(COUNTIFS('Form Responses 1'!$B:$B,$B15,'Form Responses 1'!$C:$C,2024,'Form Responses 1'!$D:$D,C$2)>0,TRUE) -> TRUE | D15: =IF(COUNTIFS('Form Responses 1'!$B:$B,$B15,'Form Responses 1'!$C:$C,2024,'Form Responses 1'!$D:$D,D$2)>0,TRUE) -> TRUE | E15: =IF(COUNTIFS('Form Responses 1'!$B:$B,$B15,'Form Responses 1'!$C:$C,2024,'Form Responses 1'!$D:$D,E$2)>0,TRUE) -> TRUE | F15: =IF(COUNTIFS('Form Responses 1'!$B:$B,$B15,'Form Responses 1'!$C:$C,2024,'Form Responses 1'!$D:$D,F$2)>0,TRUE) -> TRUE | G15: =IF(COUNTIFS('Form Responses 1'!$B:$B,$B15,'Form Responses 1'!$C:$C,2024,'Form Responses 1'!$D:$D,G$2)>0,TRUE) -> TRUE | H15: =IF(COUNTIFS('Form Responses 1'!$B:$B,$B15,'Form Responses 1'!$C:$C,2024,'Form Responses 1'!$D:$D,H$2)>0,TRUE) -> TRUE | I15: =IF(COUNTIFS('Form Responses 1'!$B:$B,$B15,'Form Responses 1'!$C:$C,2024,'Form Responses 1'!$D:$D,I$2)>0,TRUE) -> TRUE | J15: =IF(COUNTIFS('Form Responses 1'!$B:$B,$B15,'Form Responses 1'!$C:$C,2024,'Form Responses 1'!$D:$D,J$2)>0,TRUE) -> TRUE | ... P15: =IF(COUNTIFS('Form Responses 1'!$B:$B,$B15,'Form Responses 1'!$C:$C,2024,'Form Responses 1'!$D:$D,P$2)>0,TRUE) -> FALSE | Q15: =IF(COUNTIFS('Form Responses 1'!$B:$B,$B15,'Form Responses 1'!$C:$C,2025,'Form Responses 1'!$D:$D,Q$2)>0,TRUE) -> TRUE | R15: =IF(COUNTIFS('Form Responses 1'!$B:$B,$B15,'Form Responses 1'!$C:$C,2025,'Form Responses 1'!$D:$D,R$2)>0,TRUE) -> TRUE | S15: =IF(COUNTIFS('Form Responses 1'!$B:$B,$B15,'Form Responses 1'!$C:$C,2025,'Form Responses 1'!$D:$D,S$2)>0,TRUE) -> TRUE | T15: =IF(COUNTIFS('Form Responses 1'!$B:$B,$B15,'Form Responses 1'!$C:$C,2025,'Form Responses 1'!$D:$D,T$2)>0,TRUE) -> TRUE | U15: =IF(COUNTIFS('Form Responses 1'!$B:$B,$B15,'Form Responses 1'!$C:$C,2025,'Form Responses 1'!$D:$D,U$2)>0,TRUE) -> TRUE | V15: =IF(COUNTIFS('Form Responses 1'!$B:$B,$B15,'Form Responses 1'!$C:$C,2025,'Form Responses 1'!$D:$D,V$2)>0,TRUE) -> TRUE | W15: =IF(COUNTIFS('Form Responses 1'!$B:$B,$B15,'Form Responses 1'!$C:$C,2025,'Form Responses 1'!$D:$D,W$2)>0,TRUE) -> TRUE | X15: =IF(COUNTIFS('Form Responses 1'!$B:$B,$B15,'Form Responses 1'!$C:$C,2025,'Form Responses 1'!$D:$D,X$2)>0,TRUE) -> TRUE | ... AF15: =IF(COUNTIFS('Form Responses 1'!$B:$B,$B15,'Form Responses 1'!$C:$C,2025,'Form Responses 1'!$D:$D,AF$2)>0,TRUE) -> TRUE | AG15: =IF(COUNTIFS('Form Responses 1'!$B:$B,$B15,'Form Responses 1'!$C:$C,2026,'Form Responses 1'!$D:$D,AG$2)>0,TRUE) -> FALSE | AH15: =IF(COUNTIFS('Form Responses 1'!$B:$B,$B15,'Form Responses 1'!$C:$C,2026,'Form Responses 1'!$D:$D,AH$2)>0,TRUE) -> FALSE | AI15: =IF(COUNTIFS('Form Responses 1'!$B:$B,$B15,'Form Responses 1'!$C:$C,2026,'Form Responses 1'!$D:$D,AI$2)>0,TRUE) -> FALSE | AJ15: =IF(COUNTIFS('Form Responses 1'!$B:$B,$B15,'Form Responses 1'!$C:$C,2026,'Form Responses 1'!$D:$D,AJ$2)>0,TRUE) -> FALSE | AK15: =IF(COUNTIFS('Form Responses 1'!$B:$B,$B15,'Form Responses 1'!$C:$C,2026,'Form Responses 1'!$D:$D,AK$2)>0,TRUE) -> FALSE | AL15: =IF(COUNTIFS('Form Responses 1'!$B:$B,$B15,'Form Responses 1'!$C:$C,2026,'Form Responses 1'!$D:$D,AL$2)>0,TRUE) -> FALSE | AM15: =IF(COUNTIFS('Form Responses 1'!$B:$B,$B15,'Form Responses 1'!$C:$C,2026,'Form Responses 1'!$D:$D,AM$2)>0,TRUE) -> FALSE | AN15: =IF(COUNTIFS('Form Responses 1'!$B:$B,$B15,'Form Responses 1'!$C:$C,2026,'Form Responses 1'!$D:$D,AN$2)>0,TRUE) -> FALSE | ... AU15: =IF(COUNTIFS('Form Responses 1'!$B:$B,$B15,'Form Responses 1'!$C:$C,2026,'Form Responses 1'!$D:$D,AU$2)>0,TRUE) -> FALSE
... A32: 30 | B32: Budhi Setyono | C32: =IF(COUNTIFS('Form Responses 1'!$B:$B,$B32,'Form Responses 1'!$C:$C,2024,'Form Responses 1'!$D:$D,C$2)>0,TRUE) -> TRUE | D32: =IF(COUNTIFS('Form Responses 1'!$B:$B,$B32,'Form Responses 1'!$C:$C,2024,'Form Responses 1'!$D:$D,D$2)>0,TRUE) -> TRUE | E32: =IF(COUNTIFS('Form Responses 1'!$B:$B,$B32,'Form Responses 1'!$C:$C,2024,'Form Responses 1'!$D:$D,E$2)>0,TRUE) -> TRUE | F32: =IF(COUNTIFS('Form Responses 1'!$B:$B,$B32,'Form Responses 1'!$C:$C,2024,'Form Responses 1'!$D:$D,F$2)>0,TRUE) -> TRUE | G32: =IF(COUNTIFS('Form Responses 1'!$B:$B,$B32,'Form Responses 1'!$C:$C,2024,'Form Responses 1'!$D:$D,G$2)>0,TRUE) -> TRUE | H32: =IF(COUNTIFS('Form Responses 1'!$B:$B,$B32,'Form Responses 1'!$C:$C,2024,'Form Responses 1'!$D:$D,H$2)>0,TRUE) -> TRUE | I32: =IF(COUNTIFS('Form Responses 1'!$B:$B,$B32,'Form Responses 1'!$C:$C,2024,'Form Responses 1'!$D:$D,I$2)>0,TRUE) -> TRUE | J32: =IF(COUNTIFS('Form Responses 1'!$B:$B,$B32,'Form Responses 1'!$C:$C,2024,'Form Responses 1'!$D:$D,J$2)>0,TRUE) -> TRUE | ... P32: =IF(COUNTIFS('Form Responses 1'!$B:$B,$B32,'Form Responses 1'!$C:$C,2024,'Form Responses 1'!$D:$D,P$2)>0,TRUE) -> FALSE | Q32: =IF(COUNTIFS('Form Responses 1'!$B:$B,$B32,'Form Responses 1'!$C:$C,2025,'Form Responses 1'!$D:$D,Q$2)>0,TRUE) -> TRUE | R32: =IF(COUNTIFS('Form Responses 1'!$B:$B,$B32,'Form Responses 1'!$C:$C,2025,'Form Responses 1'!$D:$D,R$2)>0,TRUE) -> TRUE | S32: =IF(COUNTIFS('Form Responses 1'!$B:$B,$B32,'Form Responses 1'!$C:$C,2025,'Form Responses 1'!$D:$D,S$2)>0,TRUE) -> TRUE | T32: =IF(COUNTIFS('Form Responses 1'!$B:$B,$B32,'Form Responses 1'!$C:$C,2025,'Form Responses 1'!$D:$D,T$2)>0,TRUE) -> TRUE | U32: =IF(COUNTIFS('Form Responses 1'!$B:$B,$B32,'Form Responses 1'!$C:$C,2025,'Form Responses 1'!$D:$D,U$2)>0,TRUE) -> TRUE | V32: =IF(COUNTIFS('Form Responses 1'!$B:$B,$B32,'Form Responses 1'!$C:$C,2025,'Form Responses 1'!$D:$D,V$2)>0,TRUE) -> TRUE | W32: =IF(COUNTIFS('Form Responses 1'!$B:$B,$B32,'Form Responses 1'!$C:$C,2025,'Form Responses 1'!$D:$D,W$2)>0,TRUE) -> TRUE | X32: =IF(COUNTIFS('Form Responses 1'!$B:$B,$B32,'Form Responses 1'!$C:$C,2025,'Form Responses 1'!$D:$D,X$2)>0,TRUE) -> TRUE | ... AF32: =IF(COUNTIFS('Form Responses 1'!$B:$B,$B32,'Form Responses 1'!$C:$C,2025,'Form Responses 1'!$D:$D,AF$2)>0,TRUE) -> TRUE | AG32: =IF(COUNTIFS('Form Responses 1'!$B:$B,$B32,'Form Responses 1'!$C:$C,2026,'Form Responses 1'!$D:$D,AG$2)>0,TRUE) -> FALSE | AH32: =IF(COUNTIFS('Form Responses 1'!$B:$B,$B32,'Form Responses 1'!$C:$C,2026,'Form Responses 1'!$D:$D,AH$2)>0,TRUE) -> FALSE | AI32: =IF(COUNTIFS('Form Responses 1'!$B:$B,$B32,'Form Responses 1'!$C:$C,2026,'Form Responses 1'!$D:$D,AI$2)>0,TRUE) -> FALSE | AJ32: =IF(COUNTIFS('Form Responses 1'!$B:$B,$B32,'Form Responses 1'!$C:$C,2026,'Form Responses 1'!$D:$D,AJ$2)>0,TRUE) -> FALSE | AK32: =IF(COUNTIFS('Form Responses 1'!$B:$B,$B32,'Form Responses 1'!$C:$C,2026,'Form Responses 1'!$D:$D,AK$2)>0,TRUE) -> FALSE | AL32: =IF(COUNTIFS('Form Responses 1'!$B:$B,$B32,'Form Responses 1'!$C:$C,2026,'Form Responses 1'!$D:$D,AL$2)>0,TRUE) -> FALSE | AM32: =IF(COUNTIFS('Form Responses 1'!$B:$B,$B32,'Form Responses 1'!$C:$C,2026,'Form Responses 1'!$D:$D,AM$2)>0,TRUE) -> FALSE | AN32: =IF(COUNTIFS('Form Responses 1'!$B:$B,$B32,'Form Responses 1'!$C:$C,2026,'Form Responses 1'!$D:$D,AN$2)>0,TRUE) -> FALSE | ... AU32: =IF(COUNTIFS('Form Responses 1'!$B:$B,$B32,'Form Responses 1'!$C:$C,2026,'Form Responses 1'!$D:$D,AU$2)>0,TRUE) -> FALSE
A33: 31 | B33: Evi Wahyu Wardani | G33: =IF(COUNTIFS('Form Responses 1'!$B:$B,$B33,'Form Responses 1'!$C:$C,2024,'Form Responses 1'!$D:$D,G$2)>0,TRUE) -> TRUE | H33: =IF(COUNTIFS('Form Responses 1'!$B:$B,$B33,'Form Responses 1'!$C:$C,2024,'Form Responses 1'!$D:$D,H$2)>0,TRUE) -> TRUE | I33: =IF(COUNTIFS('Form Responses 1'!$B:$B,$B33,'Form Responses 1'!$C:$C,2024,'Form Responses 1'!$D:$D,I$2)>0,TRUE) -> TRUE | J33: =IF(COUNTIFS('Form Responses 1'!$B:$B,$B33,'Form Responses 1'!$C:$C,2024,'Form Responses 1'!$D:$D,J$2)>0,TRUE) -> TRUE | K33: =IF(COUNTIFS('Form Responses 1'!$B:$B,$B33,'Form Responses 1'!$C:$C,2024,'Form Responses 1'!$D:$D,K$2)>0,TRUE) -> TRUE | L33: =IF(COUNTIFS('Form Responses 1'!$B:$B,$B33,'Form Responses 1'!$C:$C,2024,'Form Responses 1'!$D:$D,L$2)>0,TRUE) -> TRUE | M33: =IF(COUNTIFS('Form Responses 1'!$B:$B,$B33,'Form Responses 1'!$C:$C,2024,'Form Responses 1'!$D:$D,M$2)>0,TRUE) -> TRUE | N33: =IF(COUNTIFS('Form Responses 1'!$B:$B,$B33,'Form Responses 1'!$C:$C,2024,'Form Responses 1'!$D:$D,N$2)>0,TRUE) -> TRUE | ... P33: =IF(COUNTIFS('Form Responses 1'!$B:$B,$B33,'Form Responses 1'!$C:$C,2024,'Form Responses 1'!$D:$D,P$2)>0,TRUE) -> TRUE | Q33: =IF(COUNTIFS('Form Responses 1'!$B:$B,$B33,'Form Responses 1'!$C:$C,2025,'Form Responses 1'!$D:$D,Q$2)>0,TRUE) -> TRUE | R33: =IF(COUNTIFS('Form Responses 1'!$B:$B,$B33,'Form Responses 1'!$C:$C,2025,'Form Responses 1'!$D:$D,R$2)>0,TRUE) -> TRUE | S33: =IF(COUNTIFS('Form Responses 1'!$B:$B,$B33,'Form Responses 1'!$C:$C,2025,'Form Responses 1'!$D:$D,S$2)>0,TRUE) -> TRUE | T33: =IF(COUNTIFS('Form Responses 1'!$B:$B,$B33,'Form Responses 1'!$C:$C,2025,'Form Responses 1'!$D:$D,T$2)>0,TRUE) -> TRUE | U33: =IF(COUNTIFS('Form Responses 1'!$B:$B,$B33,'Form Responses 1'!$C:$C,2025,'Form Responses 1'!$D:$D,U$2)>0,TRUE) -> TRUE | V33: =IF(COUNTIFS('Form Responses 1'!$B:$B,$B33,'Form Responses 1'!$C:$C,2025,'Form Responses 1'!$D:$D,V$2)>0,TRUE) -> TRUE | W33: =IF(COUNTIFS('Form Responses 1'!$B:$B,$B33,'Form Responses 1'!$C:$C,2025,'Form Responses 1'!$D:$D,W$2)>0,TRUE) -> TRUE | X33: =IF(COUNTIFS('Form Responses 1'!$B:$B,$B33,'Form Responses 1'!$C:$C,2025,'Form Responses 1'!$D:$D,X$2)>0,TRUE) -> TRUE | ... AF33: =IF(COUNTIFS('Form Responses 1'!$B:$B,$B33,'Form Responses 1'!$C:$C,2025,'Form Responses 1'!$D:$D,AF$2)>0,TRUE) -> TRUE | AG33: =IF(COUNTIFS('Form Responses 1'!$B:$B,$B33,'Form Responses 1'!$C:$C,2026,'Form Responses 1'!$D:$D,AG$2)>0,TRUE) -> FALSE | AH33: =IF(COUNTIFS('Form Responses 1'!$B:$B,$B33,'Form Responses 1'!$C:$C,2026,'Form Responses 1'!$D:$D,AH$2)>0,TRUE) -> FALSE | AI33: =IF(COUNTIFS('Form Responses 1'!$B:$B,$B33,'Form Responses 1'!$C:$C,2026,'Form Responses 1'!$D:$D,AI$2)>0,TRUE) -> FALSE | AJ33: =IF(COUNTIFS('Form Responses 1'!$B:$B,$B33,'Form Responses 1'!$C:$C,2026,'Form Responses 1'!$D:$D,AJ$2)>0,TRUE) -> FALSE | AK33: =IF(COUNTIFS('Form Responses 1'!$B:$B,$B33,'Form Responses 1'!$C:$C,2026,'Form Responses 1'!$D:$D,AK$2)>0,TRUE) -> FALSE | AL33: =IF(COUNTIFS('Form Responses 1'!$B:$B,$B33,'Form Responses 1'!$C:$C,2026,'Form Responses 1'!$D:$D,AL$2)>0,TRUE) -> FALSE | AM33: =IF(COUNTIFS('Form Responses 1'!$B:$B,$B33,'Form Responses 1'!$C:$C,2026,'Form Responses 1'!$D:$D,AM$2)>0,TRUE) -> FALSE | AN33: =IF(COUNTIFS('Form Responses 1'!$B:$B,$B33,'Form Responses 1'!$C:$C,2026,'Form Responses 1'!$D:$D,AN$2)>0,TRUE) -> FALSE | ... AU33: =IF(COUNTIFS('Form Responses 1'!$B:$B,$B33,'Form Responses 1'!$C:$C,2026,'Form Responses 1'!$D:$D,AU$2)>0,TRUE) -> FALSE
A34: 32 | B34: Suko Prayogi | D34: =IF(COUNTIFS('Form Responses 1'!$B:$B,$B34,'Form Responses 1'!$C:$C,2024,'Form Responses 1'!$D:$D,D$2)>0,TRUE) -> FALSE | E34: =IF(COUNTIFS('Form Responses 1'!$B:$B,$B34,'Form Responses 1'!$C:$C,2024,'Form Responses 1'!$D:$D,E$2)>0,TRUE) -> FALSE | F34: =IF(COUNTIFS('Form Responses 1'!$B:$B,$B34,'Form Responses 1'!$C:$C,2024,'Form Responses 1'!$D:$D,F$2)>0,TRUE) -> FALSE | G34: =IF(COUNTIFS('Form Responses 1'!$B:$B,$B34,'Form Responses 1'!$C:$C,2024,'Form Responses 1'!$D:$D,G$2)>0,TRUE) -> FALSE | H34: =IF(COUNTIFS('Form Responses 1'!$B:$B,$B34,'Form Responses 1'!$C:$C,2024,'Form Responses 1'!$D:$D,H$2)>0,TRUE) -> FALSE | I34: =IF(COUNTIFS('Form Responses 1'!$B:$B,$B34,'Form Responses 1'!$C:$C,2024,'Form Responses 1'!$D:$D,I$2)>0,TRUE) -> FALSE | J34: =IF(COUNTIFS('Form Responses 1'!$B:$B,$B34,'Form Responses 1'!$C:$C,2024,'Form Responses 1'!$D:$D,J$2)>0,TRUE) -> FALSE | K34: =IF(COUNTIFS('Form Responses 1'!$B:$B,$B34,'Form Responses 1'!$C:$C,2024,'Form Responses 1'!$D:$D,K$2)>0,TRUE) -> FALSE | ... P34: =IF(COUNTIFS('Form Responses 1'!$B:$B,$B34,'Form Responses 1'!$C:$C,2024,'Form Responses 1'!$D:$D,P$2)>0,TRUE) -> TRUE | Q34: =IF(COUNTIFS('Form Responses 1'!$B:$B,$B34,'Form Responses 1'!$C:$C,2025,'Form Responses 1'!$D:$D,Q$2)>0,TRUE) -> TRUE | R34: =IF(COUNTIFS('Form Responses 1'!$B:$B,$B34,'Form Responses 1'!$C:$C,2025,'Form Responses 1'!$D:$D,R$2)>0,TRUE) -> TRUE | S34: =IF(COUNTIFS('Form Responses 1'!$B:$B,$B34,'Form Responses 1'!$C:$C,2025,'Form Responses 1'!$D:$D,S$2)>0,TRUE) -> TRUE | T34: =IF(COUNTIFS('Form Responses 1'!$B:$B,$B34,'Form Responses 1'!$C:$C,2025,'Form Responses 1'!$D:$D,T$2)>0,TRUE) -> TRUE | U34: =IF(COUNTIFS('Form Responses 1'!$B:$B,$B34,'Form Responses 1'!$C:$C,2025,'Form Responses 1'!$D:$D,U$2)>0,TRUE) -> TRUE | V34: =IF(COUNTIFS('Form Responses 1'!$B:$B,$B34,'Form Responses 1'!$C:$C,2025,'Form Responses 1'!$D:$D,V$2)>0,TRUE) -> TRUE | W34: =IF(COUNTIFS('Form Responses 1'!$B:$B,$B34,'Form Responses 1'!$C:$C,2025,'Form Responses 1'!$D:$D,W$2)>0,TRUE) -> TRUE | X34: =IF(COUNTIFS('Form Responses 1'!$B:$B,$B34,'Form Responses 1'!$C:$C,2025,'Form Responses 1'!$D:$D,X$2)>0,TRUE) -> TRUE | ... AF34: =IF(COUNTIFS('Form Responses 1'!$B:$B,$B34,'Form Responses 1'!$C:$C,2025,'Form Responses 1'!$D:$D,AF$2)>0,TRUE) -> TRUE | AG34: =IF(COUNTIFS('Form Responses 1'!$B:$B,$B34,'Form Responses 1'!$C:$C,2026,'Form Responses 1'!$D:$D,AG$2)>0,TRUE) -> FALSE | AH34: =IF(COUNTIFS('Form Responses 1'!$B:$B,$B34,'Form Responses 1'!$C:$C,2026,'Form Responses 1'!$D:$D,AH$2)>0,TRUE) -> FALSE | AI34: =IF(COUNTIFS('Form Responses 1'!$B:$B,$B34,'Form Responses 1'!$C:$C,2026,'Form Responses 1'!$D:$D,AI$2)>0,TRUE) -> FALSE | AJ34: =IF(COUNTIFS('Form Responses 1'!$B:$B,$B34,'Form Responses 1'!$C:$C,2026,'Form Responses 1'!$D:$D,AJ$2)>0,TRUE) -> FALSE | AK34: =IF(COUNTIFS('Form Responses 1'!$B:$B,$B34,'Form Responses 1'!$C:$C,2026,'Form Responses 1'!$D:$D,AK$2)>0,TRUE) -> FALSE | AL34: =IF(COUNTIFS('Form Responses 1'!$B:$B,$B34,'Form Responses 1'!$C:$C,2026,'Form Responses 1'!$D:$D,AL$2)>0,TRUE) -> FALSE | AM34: =IF(COUNTIFS('Form Responses 1'!$B:$B,$B34,'Form Responses 1'!$C:$C,2026,'Form Responses 1'!$D:$D,AM$2)>0,TRUE) -> FALSE | AN34: =IF(COUNTIFS('Form Responses 1'!$B:$B,$B34,'Form Responses 1'!$C:$C,2026,'Form Responses 1'!$D:$D,AN$2)>0,TRUE) -> FALSE | ... AU34: =IF(COUNTIFS('Form Responses 1'!$B:$B,$B34,'Form Responses 1'!$C:$C,2026,'Form Responses 1'!$D:$D,AU$2)>0,TRUE) -> FALSE
A35: 33 | B35: M Guntur Ilham | L35: =IF(COUNTIFS('Form Responses 1'!$B:$B,$B35,'Form Responses 1'!$C:$C,2024,'Form Responses 1'!$D:$D,L$2)>0,TRUE) -> TRUE | M35: =IF(COUNTIFS('Form Responses 1'!$B:$B,$B35,'Form Responses 1'!$C:$C,2024,'Form Responses 1'!$D:$D,M$2)>0,TRUE) -> TRUE | N35: =IF(COUNTIFS('Form Responses 1'!$B:$B,$B35,'Form Responses 1'!$C:$C,2024,'Form Responses 1'!$D:$D,N$2)>0,TRUE) -> FALSE | O35: =IF(COUNTIFS('Form Responses 1'!$B:$B,$B35,'Form Responses 1'!$C:$C,2024,'Form Responses 1'!$D:$D,O$2)>0,TRUE) -> TRUE | P35: =IF(COUNTIFS('Form Responses 1'!$B:$B,$B35,'Form Responses 1'!$C:$C,2024,'Form Responses 1'!$D:$D,P$2)>0,TRUE) -> TRUE | Q35: =IF(COUNTIFS('Form Responses 1'!$B:$B,$B35,'Form Responses 1'!$C:$C,2025,'Form Responses 1'!$D:$D,Q$2)>0,TRUE) -> TRUE | R35: =IF(COUNTIFS('Form Responses 1'!$B:$B,$B35,'Form Responses 1'!$C:$C,2025,'Form Responses 1'!$D:$D,R$2)>0,TRUE) -> TRUE | S35: =IF(COUNTIFS('Form Responses 1'!$B:$B,$B35,'Form Responses 1'!$C:$C,2025,'Form Responses 1'!$D:$D,S$2)>0,TRUE) -> TRUE | T35: =IF(COUNTIFS('Form Responses 1'!$B:$B,$B35,'Form Responses 1'!$C:$C,2025,'Form Responses 1'!$D:$D,T$2)>0,TRUE) -> TRUE | U35: =IF(COUNTIFS('Form Responses 1'!$B:$B,$B35,'Form Responses 1'!$C:$C,2025,'Form Responses 1'!$D:$D,U$2)>0,TRUE) -> TRUE | V35: =IF(COUNTIFS('Form Responses 1'!$B:$B,$B35,'Form Responses 1'!$C:$C,2025,'Form Responses 1'!$D:$D,V$2)>0,TRUE) -> TRUE | W35: =IF(COUNTIFS('Form Responses 1'!$B:$B,$B35,'Form Responses 1'!$C:$C,2025,'Form Responses 1'!$D:$D,W$2)>0,TRUE) -> TRUE | X35: =IF(COUNTIFS('Form Responses 1'!$B:$B,$B35,'Form Responses 1'!$C:$C,2025,'Form Responses 1'!$D:$D,X$2)>0,TRUE) -> TRUE | ... AF35: =IF(COUNTIFS('Form Responses 1'!$B:$B,$B35,'Form Responses 1'!$C:$C,2025,'Form Responses 1'!$D:$D,AF$2)>0,TRUE) -> TRUE | AG35: =IF(COUNTIFS('Form Responses 1'!$B:$B,$B35,'Form Responses 1'!$C:$C,2026,'Form Responses 1'!$D:$D,AG$2)>0,TRUE) -> FALSE | AH35: =IF(COUNTIFS('Form Responses 1'!$B:$B,$B35,'Form Responses 1'!$C:$C,2026,'Form Responses 1'!$D:$D,AH$2)>0,TRUE) -> FALSE | AI35: =IF(COUNTIFS('Form Responses 1'!$B:$B,$B35,'Form Responses 1'!$C:$C,2026,'Form Responses 1'!$D:$D,AI$2)>0,TRUE) -> FALSE | AJ35: =IF(COUNTIFS('Form Responses 1'!$B:$B,$B35,'Form Responses 1'!$C:$C,2026,'Form Responses 1'!$D:$D,AJ$2)>0,TRUE) -> FALSE | AK35: =IF(COUNTIFS('Form Responses 1'!$B:$B,$B35,'Form Responses 1'!$C:$C,2026,'Form Responses 1'!$D:$D,AK$2)>0,TRUE) -> FALSE | AL35: =IF(COUNTIFS('Form Responses 1'!$B:$B,$B35,'Form Responses 1'!$C:$C,2026,'Form Responses 1'!$D:$D,AL$2)>0,TRUE) -> FALSE | AM35: =IF(COUNTIFS('Form Responses 1'!$B:$B,$B35,'Form Responses 1'!$C:$C,2026,'Form Responses 1'!$D:$D,AM$2)>0,TRUE) -> FALSE | AN35: =IF(COUNTIFS('Form Responses 1'!$B:$B,$B35,'Form Responses 1'!$C:$C,2026,'Form Responses 1'!$D:$D,AN$2)>0,TRUE) -> FALSE | ... AU35: =IF(COUNTIFS('Form Responses 1'!$B:$B,$B35,'Form Responses 1'!$C:$C,2026,'Form Responses 1'!$D:$D,AU$2)>0,TRUE) -> FALSE
A36: 34 | B36: Saiful Mujab | Q36: =IF(COUNTIFS('Form Responses 1'!$B:$B,$B36,'Form Responses 1'!$C:$C,2025,'Form Responses 1'!$D:$D,Q$2)>0,TRUE) -> FALSE | R36: =IF(COUNTIFS('Form Responses 1'!$B:$B,$B36,'Form Responses 1'!$C:$C,2025,'Form Responses 1'!$D:$D,R$2)>0,TRUE) -> TRUE | S36: =IF(COUNTIFS('Form Responses 1'!$B:$B,$B36,'Form Responses 1'!$C:$C,2025,'Form Responses 1'!$D:$D,S$2)>0,TRUE) -> FALSE | T36: =IF(COUNTIFS('Form Responses 1'!$B:$B,$B36,'Form Responses 1'!$C:$C,2025,'Form Responses 1'!$D:$D,T$2)>0,TRUE) -> FALSE | U36: =IF(COUNTIFS('Form Responses 1'!$B:$B,$B36,'Form Responses 1'!$C:$C,2025,'Form Responses 1'!$D:$D,U$2)>0,TRUE) -> FALSE | V36: =IF(COUNTIFS('Form Responses 1'!$B:$B,$B36,'Form Responses 1'!$C:$C,2025,'Form Responses 1'!$D:$D,V$2)>0,TRUE) -> FALSE | W36: =IF(COUNTIFS('Form Responses 1'!$B:$B,$B36,'Form Responses 1'!$C:$C,2025,'Form Responses 1'!$D:$D,W$2)>0,TRUE) -> FALSE | X36: =IF(COUNTIFS('Form Responses 1'!$B:$B,$B36,'Form Responses 1'!$C:$C,2025,'Form Responses 1'!$D:$D,X$2)>0,TRUE) -> FALSE | ... AF36: =IF(COUNTIFS('Form Responses 1'!$B:$B,$B36,'Form Responses 1'!$C:$C,2025,'Form Responses 1'!$D:$D,AF$2)>0,TRUE) -> TRUE | AG36: =IF(COUNTIFS('Form Responses 1'!$B:$B,$B36,'Form Responses 1'!$C:$C,2026,'Form Responses 1'!$D:$D,AG$2)>0,TRUE) -> FALSE | AH36: =IF(COUNTIFS('Form Responses 1'!$B:$B,$B36,'Form Responses 1'!$C:$C,2026,'Form Responses 1'!$D:$D,AH$2)>0,TRUE) -> FALSE | AI36: =IF(COUNTIFS('Form Responses 1'!$B:$B,$B36,'Form Responses 1'!$C:$C,2026,'Form Responses 1'!$D:$D,AI$2)>0,TRUE) -> FALSE | AJ36: =IF(COUNTIFS('Form Responses 1'!$B:$B,$B36,'Form Responses 1'!$C:$C,2026,'Form Responses 1'!$D:$D,AJ$2)>0,TRUE) -> FALSE | AK36: =IF(COUNTIFS('Form Responses 1'!$B:$B,$B36,'Form Responses 1'!$C:$C,2026,'Form Responses 1'!$D:$D,AK$2)>0,TRUE) -> FALSE | AL36: =IF(COUNTIFS('Form Responses 1'!$B:$B,$B36,'Form Responses 1'!$C:$C,2026,'Form Responses 1'!$D:$D,AL$2)>0,TRUE) -> FALSE | AM36: =IF(COUNTIFS('Form Responses 1'!$B:$B,$B36,'Form Responses 1'!$C:$C,2026,'Form Responses 1'!$D:$D,AM$2)>0,TRUE) -> FALSE | AN36: =IF(COUNTIFS('Form Responses 1'!$B:$B,$B36,'Form Responses 1'!$C:$C,2026,'Form Responses 1'!$D:$D,AN$2)>0,TRUE) -> FALSE | ... AU36: =IF(COUNTIFS('Form Responses 1'!$B:$B,$B36,'Form Responses 1'!$C:$C,2026,'Form Responses 1'!$D:$D,AU$2)>0,TRUE) -> FALSE
A37: 35 | B37: Deki Ardianto | Q37: =IF(COUNTIFS('Form Responses 1'!$B:$B,$B37,'Form Responses 1'!$C:$C,2025,'Form Responses 1'!$D:$D,Q$2)>0,TRUE) -> FALSE | R37: =IF(COUNTIFS('Form Responses 1'!$B:$B,$B37,'Form Responses 1'!$C:$C,2025,'Form Responses 1'!$D:$D,R$2)>0,TRUE) -> TRUE | S37: =IF(COUNTIFS('Form Responses 1'!$B:$B,$B37,'Form Responses 1'!$C:$C,2025,'Form Responses 1'!$D:$D,S$2)>0,TRUE) -> FALSE | T37: =IF(COUNTIFS('Form Responses 1'!$B:$B,$B37,'Form Responses 1'!$C:$C,2025,'Form Responses 1'!$D:$D,T$2)>0,TRUE) -> FALSE | U37: =IF(COUNTIFS('Form Responses 1'!$B:$B,$B37,'Form Responses 1'!$C:$C,2025,'Form Responses 1'!$D:$D,U$2)>0,TRUE) -> FALSE | V37: =IF(COUNTIFS('Form Responses 1'!$B:$B,$B37,'Form Responses 1'!$C:$C,2025,'Form Responses 1'!$D:$D,V$2)>0,TRUE) -> FALSE | W37: =IF(COUNTIFS('Form Responses 1'!$B:$B,$B37,'Form Responses 1'!$C:$C,2025,'Form Responses 1'!$D:$D,W$2)>0,TRUE) -> FALSE | X37: =IF(COUNTIFS('Form Responses 1'!$B:$B,$B37,'Form Responses 1'!$C:$C,2025,'Form Responses 1'!$D:$D,X$2)>0,TRUE) -> FALSE | ... AF37: =IF(COUNTIFS('Form Responses 1'!$B:$B,$B37,'Form Responses 1'!$C:$C,2025,'Form Responses 1'!$D:$D,AF$2)>0,TRUE) -> TRUE | AG37: =IF(COUNTIFS('Form Responses 1'!$B:$B,$B37,'Form Responses 1'!$C:$C,2026,'Form Responses 1'!$D:$D,AG$2)>0,TRUE) -> FALSE | AH37: =IF(COUNTIFS('Form Responses 1'!$B:$B,$B37,'Form Responses 1'!$C:$C,2026,'Form Responses 1'!$D:$D,AH$2)>0,TRUE) -> FALSE | AI37: =IF(COUNTIFS('Form Responses 1'!$B:$B,$B37,'Form Responses 1'!$C:$C,2026,'Form Responses 1'!$D:$D,AI$2)>0,TRUE) -> FALSE | AJ37: =IF(COUNTIFS('Form Responses 1'!$B:$B,$B37,'Form Responses 1'!$C:$C,2026,'Form Responses 1'!$D:$D,AJ$2)>0,TRUE) -> FALSE | AK37: =IF(COUNTIFS('Form Responses 1'!$B:$B,$B37,'Form Responses 1'!$C:$C,2026,'Form Responses 1'!$D:$D,AK$2)>0,TRUE) -> FALSE | AL37: =IF(COUNTIFS('Form Responses 1'!$B:$B,$B37,'Form Responses 1'!$C:$C,2026,'Form Responses 1'!$D:$D,AL$2)>0,TRUE) -> FALSE | AM37: =IF(COUNTIFS('Form Responses 1'!$B:$B,$B37,'Form Responses 1'!$C:$C,2026,'Form Responses 1'!$D:$D,AM$2)>0,TRUE) -> FALSE | AN37: =IF(COUNTIFS('Form Responses 1'!$B:$B,$B37,'Form Responses 1'!$C:$C,2026,'Form Responses 1'!$D:$D,AN$2)>0,TRUE) -> FALSE | ... AU37: =IF(COUNTIFS('Form Responses 1'!$B:$B,$B37,'Form Responses 1'!$C:$C,2026,'Form Responses 1'!$D:$D,AU$2)>0,TRUE) -> FALSE
A38: 36 | B38: Adi Bagus Utomo | Q38: =IF(COUNTIFS('Form Responses 1'!$B:$B,$B38,'Form Responses 1'!$C:$C,2025,'Form Responses 1'!$D:$D,Q$2)>0,TRUE) -> FALSE | R38: =IF(COUNTIFS('Form Responses 1'!$B:$B,$B38,'Form Responses 1'!$C:$C,2025,'Form Responses 1'!$D:$D,R$2)>0,TRUE) -> TRUE | S38: =IF(COUNTIFS('Form Responses 1'!$B:$B,$B38,'Form Responses 1'!$C:$C,2025,'Form Responses 1'!$D:$D,S$2)>0,TRUE) -> FALSE | T38: =IF(COUNTIFS('Form Responses 1'!$B:$B,$B38,'Form Responses 1'!$C:$C,2025,'Form Responses 1'!$D:$D,T$2)>0,TRUE) -> FALSE | U38: =IF(COUNTIFS('Form Responses 1'!$B:$B,$B38,'Form Responses 1'!$C:$C,2025,'Form Responses 1'!$D:$D,U$2)>0,TRUE) -> FALSE | V38: =IF(COUNTIFS('Form Responses 1'!$B:$B,$B38,'Form Responses 1'!$C:$C,2025,'Form Responses 1'!$D:$D,V$2)>0,TRUE) -> FALSE | W38: =IF(COUNTIFS('Form Responses 1'!$B:$B,$B38,'Form Responses 1'!$C:$C,2025,'Form Responses 1'!$D:$D,W$2)>0,TRUE) -> FALSE | X38: =IF(COUNTIFS('Form Responses 1'!$B:$B,$B38,'Form Responses 1'!$C:$C,2025,'Form Responses 1'!$D:$D,X$2)>0,TRUE) -> FALSE | ... AF38: =IF(COUNTIFS('Form Responses 1'!$B:$B,$B38,'Form Responses 1'!$C:$C,2025,'Form Responses 1'!$D:$D,AF$2)>0,TRUE) -> TRUE | AG38: =IF(COUNTIFS('Form Responses 1'!$B:$B,$B38,'Form Responses 1'!$C:$C,2026,'Form Responses 1'!$D:$D,AG$2)>0,TRUE) -> FALSE | AH38: =IF(COUNTIFS('Form Responses 1'!$B:$B,$B38,'Form Responses 1'!$C:$C,2026,'Form Responses 1'!$D:$D,AH$2)>0,TRUE) -> FALSE | AI38: =IF(COUNTIFS('Form Responses 1'!$B:$B,$B38,'Form Responses 1'!$C:$C,2026,'Form Responses 1'!$D:$D,AI$2)>0,TRUE) -> FALSE | AJ38: =IF(COUNTIFS('Form Responses 1'!$B:$B,$B38,'Form Responses 1'!$C:$C,2026,'Form Responses 1'!$D:$D,AJ$2)>0,TRUE) -> FALSE | AK38: =IF(COUNTIFS('Form Responses 1'!$B:$B,$B38,'Form Responses 1'!$C:$C,2026,'Form Responses 1'!$D:$D,AK$2)>0,TRUE) -> FALSE | AL38: =IF(COUNTIFS('Form Responses 1'!$B:$B,$B38,'Form Responses 1'!$C:$C,2026,'Form Responses 1'!$D:$D,AL$2)>0,TRUE) -> FALSE | AM38: =IF(COUNTIFS('Form Responses 1'!$B:$B,$B38,'Form Responses 1'!$C:$C,2026,'Form Responses 1'!$D:$D,AM$2)>0,TRUE) -> FALSE | AN38: =IF(COUNTIFS('Form Responses 1'!$B:$B,$B38,'Form Responses 1'!$C:$C,2026,'Form Responses 1'!$D:$D,AN$2)>0,TRUE) -> FALSE | ... AU38: =IF(COUNTIFS('Form Responses 1'!$B:$B,$B38,'Form Responses 1'!$C:$C,2026,'Form Responses 1'!$D:$D,AU$2)>0,TRUE) -> FALSE
A39: 37 | B39: Guruh Okta Satria | Q39: =IF(COUNTIFS('Form Responses 1'!$B:$B,$B39,'Form Responses 1'!$C:$C,2025,'Form Responses 1'!$D:$D,Q$2)>0,TRUE) -> FALSE | R39: =IF(COUNTIFS('Form Responses 1'!$B:$B,$B39,'Form Responses 1'!$C:$C,2025,'Form Responses 1'!$D:$D,R$2)>0,TRUE) -> TRUE | S39: =IF(COUNTIFS('Form Responses 1'!$B:$B,$B39,'Form Responses 1'!$C:$C,2025,'Form Responses 1'!$D:$D,S$2)>0,TRUE) -> FALSE | T39: =IF(COUNTIFS('Form Responses 1'!$B:$B,$B39,'Form Responses 1'!$C:$C,2025,'Form Responses 1'!$D:$D,T$2)>0,TRUE) -> FALSE | U39: =IF(COUNTIFS('Form Responses 1'!$B:$B,$B39,'Form Responses 1'!$C:$C,2025,'Form Responses 1'!$D:$D,U$2)>0,TRUE) -> FALSE | V39: =IF(COUNTIFS('Form Responses 1'!$B:$B,$B39,'Form Responses 1'!$C:$C,2025,'Form Responses 1'!$D:$D,V$2)>0,TRUE) -> FALSE | W39: =IF(COUNTIFS('Form Responses 1'!$B:$B,$B39,'Form Responses 1'!$C:$C,2025,'Form Responses 1'!$D:$D,W$2)>0,TRUE) -> FALSE | X39: =IF(COUNTIFS('Form Responses 1'!$B:$B,$B39,'Form Responses 1'!$C:$C,2025,'Form Responses 1'!$D:$D,X$2)>0,TRUE) -> FALSE | ... AF39: =IF(COUNTIFS('Form Responses 1'!$B:$B,$B39,'Form Responses 1'!$C:$C,2025,'Form Responses 1'!$D:$D,AF$2)>0,TRUE) -> TRUE | AG39: =IF(COUNTIFS('Form Responses 1'!$B:$B,$B39,'Form Responses 1'!$C:$C,2026,'Form Responses 1'!$D:$D,AG$2)>0,TRUE) -> FALSE | AH39: =IF(COUNTIFS('Form Responses 1'!$B:$B,$B39,'Form Responses 1'!$C:$C,2026,'Form Responses 1'!$D:$D,AH$2)>0,TRUE) -> FALSE | AI39: =IF(COUNTIFS('Form Responses 1'!$B:$B,$B39,'Form Responses 1'!$C:$C,2026,'Form Responses 1'!$D:$D,AI$2)>0,TRUE) -> FALSE | AJ39: =IF(COUNTIFS('Form Responses 1'!$B:$B,$B39,'Form Responses 1'!$C:$C,2026,'Form Responses 1'!$D:$D,AJ$2)>0,TRUE) -> FALSE | AK39: =IF(COUNTIFS('Form Responses 1'!$B:$B,$B39,'Form Responses 1'!$C:$C,2026,'Form Responses 1'!$D:$D,AK$2)>0,TRUE) -> FALSE | AL39: =IF(COUNTIFS('Form Responses 1'!$B:$B,$B39,'Form Responses 1'!$C:$C,2026,'Form Responses 1'!$D:$D,AL$2)>0,TRUE) -> FALSE | AM39: =IF(COUNTIFS('Form Responses 1'!$B:$B,$B39,'Form Responses 1'!$C:$C,2026,'Form Responses 1'!$D:$D,AM$2)>0,TRUE) -> FALSE | AN39: =IF(COUNTIFS('Form Responses 1'!$B:$B,$B39,'Form Responses 1'!$C:$C,2026,'Form Responses 1'!$D:$D,AN$2)>0,TRUE) -> FALSE | ... AU39: =IF(COUNTIFS('Form Responses 1'!$B:$B,$B39,'Form Responses 1'!$C:$C,2026,'Form Responses 1'!$D:$D,AU$2)>0,TRUE) -> FALSE
A40: 38 | B40: Retno Dian Ika Wati | Q40: =IF(COUNTIFS('Form Responses 1'!$B:$B,$B40,'Form Responses 1'!$C:$C,2025,'Form Responses 1'!$D:$D,Q$2)>0,TRUE) -> FALSE | R40: =IF(COUNTIFS('Form Responses 1'!$B:$B,$B40,'Form Responses 1'!$C:$C,2025,'Form Responses 1'!$D:$D,R$2)>0,TRUE) -> FALSE | S40: =IF(COUNTIFS('Form Responses 1'!$B:$B,$B40,'Form Responses 1'!$C:$C,2025,'Form Responses 1'!$D:$D,S$2)>0,TRUE) -> FALSE | T40: =IF(COUNTIFS('Form Responses 1'!$B:$B,$B40,'Form Responses 1'!$C:$C,2025,'Form Responses 1'!$D:$D,T$2)>0,TRUE) -> FALSE | U40: =IF(COUNTIFS('Form Responses 1'!$B:$B,$B40,'Form Responses 1'!$C:$C,2025,'Form Responses 1'!$D:$D,U$2)>0,TRUE) -> FALSE | V40: =IF(COUNTIFS('Form Responses 1'!$B:$B,$B40,'Form Responses 1'!$C:$C,2025,'Form Responses 1'!$D:$D,V$2)>0,TRUE) -> FALSE | W40: =IF(COUNTIFS('Form Responses 1'!$B:$B,$B40,'Form Responses 1'!$C:$C,2025,'Form Responses 1'!$D:$D,W$2)>0,TRUE) -> FALSE | X40: =IF(COUNTIFS('Form Responses 1'!$B:$B,$B40,'Form Responses 1'!$C:$C,2025,'Form Responses 1'!$D:$D,X$2)>0,TRUE) -> FALSE | ... AF40: =IF(COUNTIFS('Form Responses 1'!$B:$B,$B40,'Form Responses 1'!$C:$C,2025,'Form Responses 1'!$D:$D,AF$2)>0,TRUE) -> FALSE | AG40: =IF(COUNTIFS('Form Responses 1'!$B:$B,$B40,'Form Responses 1'!$C:$C,2026,'Form Responses 1'!$D:$D,AG$2)>0,TRUE) -> FALSE | AH40: =IF(COUNTIFS('Form Responses 1'!$B:$B,$B40,'Form Responses 1'!$C:$C,2026,'Form Responses 1'!$D:$D,AH$2)>0,TRUE) -> FALSE | AI40: =IF(COUNTIFS('Form Responses 1'!$B:$B,$B40,'Form Responses 1'!$C:$C,2026,'Form Responses 1'!$D:$D,AI$2)>0,TRUE) -> FALSE | AJ40: =IF(COUNTIFS('Form Responses 1'!$B:$B,$B40,'Form Responses 1'!$C:$C,2026,'Form Responses 1'!$D:$D,AJ$2)>0,TRUE) -> FALSE | AK40: =IF(COUNTIFS('Form Responses 1'!$B:$B,$B40,'Form Responses 1'!$C:$C,2026,'Form Responses 1'!$D:$D,AK$2)>0,TRUE) -> FALSE | AL40: =IF(COUNTIFS('Form Responses 1'!$B:$B,$B40,'Form Responses 1'!$C:$C,2026,'Form Responses 1'!$D:$D,AL$2)>0,TRUE) -> FALSE | AM40: =IF(COUNTIFS('Form Responses 1'!$B:$B,$B40,'Form Responses 1'!$C:$C,2026,'Form Responses 1'!$D:$D,AM$2)>0,TRUE) -> FALSE | AN40: =IF(COUNTIFS('Form Responses 1'!$B:$B,$B40,'Form Responses 1'!$C:$C,2026,'Form Responses 1'!$D:$D,AN$2)>0,TRUE) -> FALSE | ... AU40: =IF(COUNTIFS('Form Responses 1'!$B:$B,$B40,'Form Responses 1'!$C:$C,2026,'Form Responses 1'!$D:$D,AU$2)>0,TRUE) -> FALSE

Sheet Document Studio Logs
A1: 45420.624 | B1: Document Studio Logs | C1: 👋🏻 Please do not edit or delete this sheet)
A2: 46051.383 | B2: ⚠️ NO_QUOTA FormRow #1791 Sorry, your free limit per week is exhausted.
A3: 46051.331 | B3: ⚠️ NO_QUOTA FormRow #1790 Sorry, your free limit per week is exhausted.
A4: 46051.33 | B4: ⚠️ NO_QUOTA FormRow #1789 Sorry, your free limit per week is exhausted.
A5: 46050.936 | B5: ⚠️ NO_QUOTA FormRow #1788 Sorry, your free limit per week is exhausted.
A6: 46050.936 | B6: ⚠️ NO_QUOTA FormRow #1787 Sorry, your free limit per week is exhausted.
A7: 46050.936 | B7: ⚠️ NO_QUOTA FormRow #1786 Sorry, your free limit per week is exhausted.
A8: 46050.726 | B8: ⚠️ NO_QUOTA FormRow #1785 Sorry, your free limit per week is exhausted.
A9: 46050.725 | B9: ⚠️ NO_QUOTA FormRow #1784 Sorry, your free limit per week is exhausted.
A10: 46050.724 | B10: ⚠️ NO_QUOTA FormRow #1783 Sorry, your free limit per week is exhausted.
A11: 46050.724 | B11: ⚠️ NO_QUOTA FormRow #1782 Sorry, your free limit per week is exhausted.
A12: 46050.653 | B12: ⚠️ NO_QUOTA FormRow #1781 Sorry, your free limit per week is exhausted.
A13: 46050.652 | B13: ⚠️ NO_QUOTA FormRow #1780 Sorry, your free limit per week is exhausted.
... A559: 45733.411 | B559: ⚠️ NO_QUOTA FormRow #1236 Sorry, your free limit per week is exhausted.
A560: 45733.393 | B560: ✔️ Processed 71 rows in 270 seconds | C560: 649, 650, 651, 652, 653, 654, 655, 656, 657, 658, 659, 660, 661, 662, 663, 664, 665, 666, 667, 693, 694, 695, 696, 697, 698, 699, 700, 701, 702, 732, 733, 734, 735, 736, 737, 738, 739, 740, 741, 742, 743, 744, 745, 746, 747, 748, 749, 750, 751, 752, 753, 754, 755, 756, 783, 784, 785, 786, 787, 788, 789, 790, 791, 822, 994, 995, 996, 997, 998, 999, 1000
A561: 45733.382 | B561: ✔️ [Form Responses 1] Processed form row #1235 by bpsdemak3321@gmail.com
A562: 45733.382 | B562: ✔️ [Form Responses 1] Processed form row #1234 by bpsdemak3321@gmail.com
A563: 45733.378 | B563: ✔️ [Form Responses 1] Processed form row #1233 by bpsdemak3321@gmail.com
A564: 45733.376 | B564: ✔️ [Form Responses 1] Processed form row #1232 by bpsdemak3321@gmail.com
A565: 45733.369 | B565: ✔️ Task #lvxiskze - Move Files for {{Upload File Lapkin}} | C565: {"fileUploadQuestion":"{{Upload File Lapkin}}","subfolderPath":"/ {{Tahun}} {{Bulan}}","parentFolderId":"1gw0T6DyqDNhDMbl2LNMXhkunAGn89q5-","fileName":" {{NAMA PEGAWAI}}{{Bulan}} {{Tahun}}.{{File Extension}}","parentFolderName":"CKP KipApp"}
A566: 45733.369 | B566: ✔️ Workflow #lvxirc71 - CKP KipApp | C566: {"timeZone":"Asia/Bangkok","formId":"1IgQRtD68_ovyK-L0WEjC5bJMETH5CaKBF9k5sQbds-o","ssId":"1v8CqM4fGDZjBvn8noFSMD1pL-H-1P9ruopFfnlWRx-k","triggerHourly":false,"timeDelay":false,"skipHidden":true,"owner":"bpsdemak3321@gmail.com","sheetId":"1149435039","triggerFormSubmit":true}
A567: 45731.577 | B567: ⚠️ NO_QUOTA FormRow #1231 Sorry, your free limit per week is exhausted.
A568: 45731.574 | B568: ⚠️ NO_QUOTA FormRow #1230 Sorry, your free limit per week is exhausted.
A569: 45731.573 | B569: ⚠️ NO_QUOTA FormRow #1229 Sorry, your free limit per week is exhausted.
A570: 45730.479 | B570: ⚠️ NO_QUOTA FormRow #1228 Sorry, your free limit per week is exhausted.
A571: 45730.471 | B571: ⚠️ NO_QUOTA FormRow #1227 Sorry, your free limit per week is exhausted.
A572: 45730.457 | B572: ⚠️ NO_QUOTA FormRow #1226 Sorry, your free limit per week is exhausted.
A573: 45730.428 | B573: ⚠️ NO_QUOTA FormRow #1225 Sorry, your free limit per week is exhausted.
A574: 45730.415 | B574: ⚠️ NO_QUOTA FormRow #1224 Sorry, your free limit per week is exhausted.
A575: 45729.597 | B575: ⚠️ NO_QUOTA FormRow #1223 Sorry, your free limit per week is exhausted.
A576: 45729.597 | B576: ⚠️ NO_QUOTA FormRow #1222 Sorry, your free limit per week is exhausted.
A577: 45729.566 | B577: ⚠️ NO_QUOTA FormRow #1221 Sorry, your free limit per week is exhausted.
A578: 45729.409 | B578: ⚠️ NO_QUOTA FormRow #1220 Sorry, your free limit per week is exhausted.
... A1187: 45420.656 | B1187: ✔️ [Form Responses 1] Processed form row #611 by bpsdemak3321@gmail.com
A1188: 45420.632 | B1188: ✔️ Processed 17 rows in 62 seconds | C1188: 594, 595, 596, 597, 598, 599, 600, 601, 602, 603, 604, 605, 606, 607, 608, 609, 610
A1189: 45420.624 | B1189: ✔️ Trigger 1906130799577579481 RUN_ONSUBMIT added by bpsdemak3321@gmail.com in form
A1190: 45420.624 | B1190: ✔️ [#lvxiskze] Task Move Files for {{Upload File Lapkin}} | C1190: { "fileName": " {{NAMA PEGAWAI}}{{Bulan}} {{Tahun}}.{{File Extension}}", "parentFolderName": "CKP KipApp", "fileUploadQuestion": "{{Upload File Lapkin}}", "parentFolderId": "1gw0T6DyqDNhDMbl2LNMXhkunAGn89q5-", "subfolderPath": "/{{NAMA PEGAWAI}}" }
A1191: 45420.624 | B1191: ✔️ [#lvxirc71] Workflow CKP KipApp | C1191: { "timeZone": "Asia/Bangkok", "skipHidden": true, "owner": "bpsdemak3321@gmail.com", "triggerHourly": false, "formId": "1IgQRtD68_ovyK-L0WEjC5bJMETH5CaKBF9k5sQbds-o", "ssId": "1v8CqM4fGDZjBvn8noFSMD1pL-H-1P9ruopFfnlWRx-k", "sheetId": "1149435039", "triggerFormSubmit": true }
